file,Tgas,Tref,Trot,Tvib,broadening_max_width,broadening_method,calculation_time,cutoff,db_use_cached,dbformat,dbpath,dlm_log_pG,dlm_log_pL,export_lines,folding_thresh,include_neighbouring_lines,isotope,last_modified,levelsfmt,lines_calculated,lines_cutoff,lines_in_continuum,load_energies,lvl_use_cached,mole_fraction,molecule,name,parfuncfmt,path_length,pressure_mbar,profiler,pseudo_continuum_threshold,radis_version,rot_distribution,self_absorption,state,thermal_equilibrium,total_lines,vib_distribution,warning_broadening_threshold,warning_linestrength_cutoff,wavenum_max,wavenum_max_calc,wavenum_min,wavenum_min_calc,waveunit,wstep,zero_padding
20210629_Tvib300K_Trot300K.spec,300.0,296.0,300.0,300.0,2.0,voigt,0.48,0.0,1.0,hitemp-radisdb,/home/pipebomb/.radisdb/CO-05_HITEMP2019.h5,0.1375350788016573,0.20180288881201608,0.0,1e-06,1.0,"1,2,3,4,5,6",1624970006.5624185,radis,26607.0,0.0,0.0,0.0,1.0,1.0,CO,CO_1818_2325_26607,hapi,1.0,1000.0,"{'scaled_eq_lineshift': 0.00936579704284668, 'calc_lineshift': 0.0011734962463378906, 'calc_hwhm': 0.012240171432495117, 'init_vectors': 0.013342857360839844, 'voigt_broadening': 0.25586867332458496, 'init_vectors_apply': 0.006392478942871094, 'get_matching_line': 0.0012676715850830078, 'aggregate__center_lines': 0.16793537139892578, 'aggregate_wing_lines': 0.0012116432189941406, 'calc_line_broadening': 0.44861888885498047, 'calc_other_spectral_quan': 0.002819061279296875, 'spectrum_calc_before_obj': 0.47997379302978516}",0.0,0.9.29,boltzmann,1.0,X,1.0,26607.0,boltzmann,0.01,0.01,2324.9473752583617,2325.9473752583617,1817.6861883520196,1816.6861883520196,cm-1,0.01,50928.0
20210629_Tvib300K_Trot300K_1.spec,300.0,296.0,300.0,300.0,4.0,voigt,0.81,0.0,1.0,hitemp-radisdb,/home/pipebomb/.radisdb/CO-05_HITEMP2019.h5,0.1375350788016573,0.20180288881201608,0.0,1e-06,1.0,"1,2,3,4,5,6",1624970008.0720203,radis,26607.0,0.0,0.0,0.0,1.0,1.0,CO,CO_1818_2325_26607,hapi,1.0,1000.0,"{'scaled_eq_lineshift': 0.007030963897705078, 'calc_lineshift': 0.0007739067077636719, 'calc_hwhm': 0.009003162384033203, 'init_vectors': 0.022241830825805664, 'voigt_broadening': 0.5531826019287109, 'init_vectors_apply': 0.012730121612548828, 'get_matching_line': 0.0013394355773925781, 'aggregate__center_lines': 0.19488215446472168, 'aggregate_wing_lines': 0.001004934310913086, 'calc_line_broadening': 0.7899420261383057, 'calc_other_spectral_quan': 0.0026934146881103516, 'spectrum_calc_before_obj': 0.8139567375183105}",0.0,0.9.29,boltzmann,1.0,X,1.0,26607.0,boltzmann,0.01,0.01,2324.9473752583617,2326.9473752583617,1817.6861883520196,1815.6861883520196,cm-1,0.01,50928.0
20210629_Tvib300K_Trot300K_2.spec,300.0,296.0,300.0,300.0,6.0,voigt,1.17,0.0,1.0,hitemp-radisdb,/home/pipebomb/.radisdb/CO-05_HITEMP2019.h5,0.1375350788016573,0.20180288881201608,0.0,1e-06,1.0,"1,2,3,4,5,6",1624970009.889725,radis,26607.0,0.0,0.0,0.0,1.0,1.0,CO,CO_1818_2325_26607,hapi,1.0,1000.0,"{'scaled_eq_lineshift': 0.008094310760498047, 'calc_lineshift': 0.001524209976196289, 'calc_hwhm': 0.00936746597290039, 'init_vectors': 0.033182382583618164, 'voigt_broadening': 0.8637008666992188, 'init_vectors_apply': 0.01917266845703125, 'get_matching_line': 0.0013620853424072266, 'aggregate__center_lines': 0.21982717514038086, 'aggregate_wing_lines': 0.0010750293731689453, 'calc_line_broadening': 1.1447269916534424, 'calc_other_spectral_quan': 0.002637147903442383, 'spectrum_calc_before_obj': 1.17067551612854}",0.0,0.9.29,boltzmann,1.0,X,1.0,26607.0,boltzmann,0.01,0.01,2324.9473752583617,2327.9473752583617,1817.6861883520196,1814.6861883520196,cm-1,0.01,50928.0
20210629_Tvib300K_Trot300K_3.spec,300.0,296.0,300.0,300.0,8.0,voigt,1.49,0.0,1.0,hitemp-radisdb,/home/pipebomb/.radisdb/CO-05_HITEMP2019.h5,0.1375350788016573,0.20180288881201608,0.0,1e-06,1.0,"1,2,3,4,5,6",1624970012.015796,radis,26607.0,0.0,0.0,0.0,1.0,1.0,CO,CO_1818_2325_26607,hapi,1.0,1000.0,"{'scaled_eq_lineshift': 0.00820612907409668, 'calc_lineshift': 0.0007140636444091797, 'calc_hwhm': 0.009511232376098633, 'init_vectors': 0.04306936264038086, 'voigt_broadening': 1.1507062911987305, 'init_vectors_apply': 0.025027036666870117, 'get_matching_line': 0.001346588134765625, 'aggregate__center_lines': 0.23088669776916504, 'aggregate_wing_lines': 0.001285552978515625, 'calc_line_broadening': 1.4602689743041992, 'calc_other_spectral_quan': 0.0026106834411621094, 'spectrum_calc_before_obj': 1.4850893020629883}",0.0,0.9.29,boltzmann,1.0,X,1.0,26607.0,boltzmann,0.01,0.01,2324.9473752583617,2328.9473752583617,1817.6861883520196,1813.6861883520196,cm-1,0.01,50928.0
20210629_Tvib300K_Trot300K_4.spec,300.0,296.0,300.0,300.0,10.0,voigt,1.88,0.0,1.0,hitemp-radisdb,/home/pipebomb/.radisdb/CO-05_HITEMP2019.h5,0.1375350788016573,0.20180288881201608,0.0,1e-06,1.0,"1,2,3,4,5,6",1624970014.5582972,radis,26607.0,0.0,0.0,0.0,1.0,1.0,CO,CO_1818_2325_26607,hapi,1.0,1000.0,"{'scaled_eq_lineshift': 0.006799936294555664, 'calc_lineshift': 0.0008633136749267578, 'calc_hwhm': 0.008344173431396484, 'init_vectors': 0.05437803268432617, 'voigt_broadening': 1.4888529777526855, 'init_vectors_apply': 0.03619527816772461, 'get_matching_line': 0.0014605522155761719, 'aggregate__center_lines': 0.26859593391418457, 'aggregate_wing_lines': 0.0012362003326416016, 'calc_line_broadening': 1.8611786365509033, 'calc_other_spectral_quan': 0.002748250961303711, 'spectrum_calc_before_obj': 1.8834269046783447}",0.0,0.9.29,boltzmann,1.0,X,1.0,26607.0,boltzmann,0.01,0.01,2324.9473752583617,2329.9473752583617,1817.6861883520196,1812.6861883520196,cm-1,0.01,50928.0
20210629_Tvib300K_Trot300K_5.spec,300.0,296.0,300.0,300.0,12.0,voigt,2.2,0.0,1.0,hitemp-radisdb,/home/pipebomb/.radisdb/CO-05_HITEMP2019.h5,0.1375350788016573,0.20180288881201608,0.0,1e-06,1.0,"1,2,3,4,5,6",1624970017.5053978,radis,26607.0,0.0,0.0,0.0,1.0,1.0,CO,CO_1818_2325_26607,hapi,1.0,1000.0,"{'scaled_eq_lineshift': 0.007773399353027344, 'calc_lineshift': 0.0008683204650878906, 'calc_hwhm': 0.01003718376159668, 'init_vectors': 0.08810114860534668, 'voigt_broadening': 1.7641406059265137, 'init_vectors_apply': 0.03802919387817383, 'get_matching_line': 0.001379251480102539, 'aggregate__center_lines': 0.27004218101501465, 'aggregate_wing_lines': 0.0013284683227539062, 'calc_line_broadening': 2.17443585395813, 'calc_other_spectral_quan': 0.0026633739471435547, 'spectrum_calc_before_obj': 2.201206922531128}",0.0,0.9.29,boltzmann,1.0,X,1.0,26607.0,boltzmann,0.01,0.01,2324.9473752583617,2330.9473752583617,1817.6861883520196,1811.6861883520196,cm-1,0.01,50928.0
20210629_Tvib300K_Trot300K_6.spec,300.0,296.0,300.0,300.0,14.0,voigt,2.51,0.0,1.0,hitemp-radisdb,/home/pipebomb/.radisdb/CO-05_HITEMP2019.h5,0.1375350788016573,0.20180288881201608,0.0,1e-06,1.0,"1,2,3,4,5,6",1624970020.6853497,radis,26607.0,0.0,0.0,0.0,1.0,1.0,CO,CO_1818_2325_26607,hapi,1.0,1000.0,"{'scaled_eq_lineshift': 0.006966352462768555, 'calc_lineshift': 0.0008625984191894531, 'calc_hwhm': 0.010578632354736328, 'init_vectors': 0.07735538482666016, 'voigt_broadening': 2.0480988025665283, 'init_vectors_apply': 0.04469919204711914, 'get_matching_line': 0.0014498233795166016, 'aggregate__center_lines': 0.3014044761657715, 'aggregate_wing_lines': 0.0014235973358154297, 'calc_line_broadening': 2.487483263015747, 'calc_other_spectral_quan': 0.002586841583251953, 'spectrum_calc_before_obj': 2.5121989250183105}",0.0,0.9.29,boltzmann,1.0,X,1.0,26607.0,boltzmann,0.01,0.01,2324.9473752583617,2331.9473752583617,1817.6861883520196,1810.6861883520196,cm-1,0.01,50928.0
20210629_Tvib300K_Trot300K_7.spec,300.0,296.0,300.0,300.0,16.0,voigt,2.79,0.0,1.0,hitemp-radisdb,/home/pipebomb/.radisdb/CO-05_HITEMP2019.h5,0.1375350788016573,0.20180288881201608,0.0,1e-06,1.0,"1,2,3,4,5,6",1624970024.1299124,radis,26607.0,0.0,0.0,0.0,1.0,1.0,CO,CO_1818_2325_26607,hapi,1.0,1000.0,"{'scaled_eq_lineshift': 0.006907939910888672, 'calc_lineshift': 0.0008342266082763672, 'calc_hwhm': 0.008590459823608398, 'init_vectors': 0.08788084983825684, 'voigt_broadening': 2.2990283966064453, 'init_vectors_apply': 0.05023813247680664, 'get_matching_line': 0.0014004707336425781, 'aggregate__center_lines': 0.3080575466156006, 'aggregate_wing_lines': 0.0014255046844482422, 'calc_line_broadening': 2.762824773788452, 'calc_other_spectral_quan': 0.0027823448181152344, 'spectrum_calc_before_obj': 2.785776138305664}",0.0,0.9.29,boltzmann,1.0,X,1.0,26607.0,boltzmann,0.01,0.01,2324.9473752583617,2332.9473752583617,1817.6861883520196,1809.6861883520196,cm-1,0.01,50928.0
20210629_Tvib300K_Trot300K_8.spec,300.0,296.0,300.0,300.0,18.0,voigt,3.17,0.0,1.0,hitemp-radisdb,/home/pipebomb/.radisdb/CO-05_HITEMP2019.h5,0.1375350788016573,0.20180288881201608,0.0,1e-06,1.0,"1,2,3,4,5,6",1624970027.9868038,radis,26607.0,0.0,0.0,0.0,1.0,1.0,CO,CO_1818_2325_26607,hapi,1.0,1000.0,"{'scaled_eq_lineshift': 0.007192373275756836, 'calc_lineshift': 0.0007574558258056641, 'calc_hwhm': 0.009126424789428711, 'init_vectors': 0.09757614135742188, 'voigt_broadening': 2.6408376693725586, 'init_vectors_apply': 0.05662035942077637, 'get_matching_line': 0.0014407634735107422, 'aggregate__center_lines': 0.33582258224487305, 'aggregate_wing_lines': 0.002228975296020508, 'calc_line_broadening': 3.151418924331665, 'calc_other_spectral_quan': 0.0025987625122070312, 'spectrum_calc_before_obj': 3.174708843231201}",0.0,0.9.29,boltzmann,1.0,X,1.0,26607.0,boltzmann,0.01,0.01,2324.9473752583617,2333.9473752583617,1817.6861883520196,1808.6861883520196,cm-1,0.01,50928.0
20210629_Tvib300K_Trot300K_9.spec,300.0,296.0,300.0,300.0,20.0,voigt,3.43,0.0,1.0,hitemp-radisdb,/home/pipebomb/.radisdb/CO-05_HITEMP2019.h5,0.1375350788016573,0.20180288881201608,0.0,1e-06,1.0,"1,2,3,4,5,6",1624970032.0840187,radis,26607.0,0.0,0.0,0.0,1.0,1.0,CO,CO_1818_2325_26607,hapi,1.0,1000.0,"{'scaled_eq_lineshift': 0.006631612777709961, 'calc_lineshift': 0.0008139610290527344, 'calc_hwhm': 0.009150505065917969, 'init_vectors': 0.10932588577270508, 'voigt_broadening': 2.8564040660858154, 'init_vectors_apply': 0.0625615119934082, 'get_matching_line': 0.0012960433959960938, 'aggregate__center_lines': 0.35724496841430664, 'aggregate_wing_lines': 0.0025277137756347656, 'calc_line_broadening': 3.4091858863830566, 'calc_other_spectral_quan': 0.0027818679809570312, 'spectrum_calc_before_obj': 3.4331727027893066}",0.0,0.9.29,boltzmann,1.0,X,1.0,26607.0,boltzmann,0.01,0.01,2324.9473752583617,2334.9473752583617,1817.6861883520196,1807.6861883520196,cm-1,0.01,50928.0
20210629_Tvib300K_Trot300K_10.spec,300.0,296.0,300.0,300.0,22.0,voigt,3.75,0.0,1.0,hitemp-radisdb,/home/pipebomb/.radisdb/CO-05_HITEMP2019.h5,0.1375350788016573,0.20180288881201608,0.0,1e-06,1.0,"1,2,3,4,5,6",1624970036.4853685,radis,26607.0,0.0,0.0,0.0,1.0,1.0,CO,CO_1818_2325_26607,hapi,1.0,1000.0,"{'scaled_eq_lineshift': 0.007136106491088867, 'calc_lineshift': 0.0008368492126464844, 'calc_hwhm': 0.009029626846313477, 'init_vectors': 0.1209571361541748, 'voigt_broadening': 3.144878387451172, 'init_vectors_apply': 0.0696861743927002, 'get_matching_line': 0.0014243125915527344, 'aggregate__center_lines': 0.37203192710876465, 'aggregate_wing_lines': 0.0017712116241455078, 'calc_line_broadening': 3.730663776397705, 'calc_other_spectral_quan': 0.0028879642486572266, 'spectrum_calc_before_obj': 3.7543888092041016}",0.0,0.9.29,boltzmann,1.0,X,1.0,26607.0,boltzmann,0.01,0.01,2324.9473752583617,2335.9473752583617,1817.6861883520196,1806.6861883520196,cm-1,0.01,50928.0
20210629_Tvib300K_Trot300K_11.spec,300.0,296.0,300.0,300.0,24.0,voigt,4.13,0.0,1.0,hitemp-radisdb,/home/pipebomb/.radisdb/CO-05_HITEMP2019.h5,0.1375350788016573,0.20180288881201608,0.0,1e-06,1.0,"1,2,3,4,5,6",1624970041.2587152,radis,26607.0,0.0,0.0,0.0,1.0,1.0,CO,CO_1818_2325_26607,hapi,1.0,1000.0,"{'scaled_eq_lineshift': 0.007442474365234375, 'calc_lineshift': 0.0010001659393310547, 'calc_hwhm': 0.00901031494140625, 'init_vectors': 0.1310110092163086, 'voigt_broadening': 3.4734010696411133, 'init_vectors_apply': 0.07689738273620605, 'get_matching_line': 0.0013957023620605469, 'aggregate__center_lines': 0.3954801559448242, 'aggregate_wing_lines': 0.0019936561584472656, 'calc_line_broadening': 4.101428508758545, 'calc_other_spectral_quan': 0.002794504165649414, 'spectrum_calc_before_obj': 4.125591039657593}",0.0,0.9.29,boltzmann,1.0,X,1.0,26607.0,boltzmann,0.01,0.01,2324.9473752583617,2336.9473752583617,1817.6861883520196,1805.6861883520196,cm-1,0.01,50928.0
20210629_Tvib300K_Trot300K_12.spec,300.0,296.0,300.0,300.0,26.0,voigt,4.42,0.0,1.0,hitemp-radisdb,/home/pipebomb/.radisdb/CO-05_HITEMP2019.h5,0.1375350788016573,0.20180288881201608,0.0,1e-06,1.0,"1,2,3,4,5,6",1624970046.336029,radis,26607.0,0.0,0.0,0.0,1.0,1.0,CO,CO_1818_2325_26607,hapi,1.0,1000.0,"{'scaled_eq_lineshift': 0.006627082824707031, 'calc_lineshift': 0.0007524490356445312, 'calc_hwhm': 0.009028434753417969, 'init_vectors': 0.1413567066192627, 'voigt_broadening': 3.7457082271575928, 'init_vectors_apply': 0.0815420150756836, 'get_matching_line': 0.001405954360961914, 'aggregate__center_lines': 0.4046776294708252, 'aggregate_wing_lines': 0.001956939697265625, 'calc_line_broadening': 4.400788307189941, 'calc_other_spectral_quan': 0.0028853416442871094, 'spectrum_calc_before_obj': 4.423886299133301}",0.0,0.9.29,boltzmann,1.0,X,1.0,26607.0,boltzmann,0.01,0.01,2324.9473752583617,2337.9473752583617,1817.6861883520196,1804.6861883520196,cm-1,0.01,50928.0
20210629_Tvib300K_Trot300K_13.spec,300.0,296.0,300.0,300.0,28.0,voigt,4.77,0.0,1.0,hitemp-radisdb,/home/pipebomb/.radisdb/CO-05_HITEMP2019.h5,0.1375350788016573,0.20180288881201608,0.0,1e-06,1.0,"1,2,3,4,5,6",1624970051.7652354,radis,26607.0,0.0,0.0,0.0,1.0,1.0,CO,CO_1818_2325_26607,hapi,1.0,1000.0,"{'scaled_eq_lineshift': 0.006659984588623047, 'calc_lineshift': 0.0009405612945556641, 'calc_hwhm': 0.010709524154663086, 'init_vectors': 0.15333056449890137, 'voigt_broadening': 4.044774532318115, 'init_vectors_apply': 0.09036755561828613, 'get_matching_line': 0.0015482902526855469, 'aggregate__center_lines': 0.4234187602996826, 'aggregate_wing_lines': 0.0020296573638916016, 'calc_line_broadening': 4.740389823913574, 'calc_other_spectral_quan': 0.002752542495727539, 'spectrum_calc_before_obj': 4.766022682189941}",0.0,0.9.29,boltzmann,1.0,X,1.0,26607.0,boltzmann,0.01,0.01,2324.9473752583617,2338.9473752583617,1817.6861883520196,1803.6861883520196,cm-1,0.01,50928.0
20210629_Tvib300K_Trot300K_14.spec,300.0,296.0,300.0,300.0,30.0,voigt,5.05,0.0,1.0,hitemp-radisdb,/home/pipebomb/.radisdb/CO-05_HITEMP2019.h5,0.1375350788016573,0.20180288881201608,0.0,1e-06,1.0,"1,2,3,4,5,6",1624970057.4823365,radis,26607.0,0.0,0.0,0.0,1.0,1.0,CO,CO_1818_2325_26607,hapi,1.0,1000.0,"{'scaled_eq_lineshift': 0.006709098815917969, 'calc_lineshift': 0.0008420944213867188, 'calc_hwhm': 0.00961446762084961, 'init_vectors': 0.16860103607177734, 'voigt_broadening': 4.283732891082764, 'init_vectors_apply': 0.09434318542480469, 'get_matching_line': 0.0014865398406982422, 'aggregate__center_lines': 0.44796061515808105, 'aggregate_wing_lines': 0.0020699501037597656, 'calc_line_broadening': 5.025262117385864, 'calc_other_spectral_quan': 0.0028471946716308594, 'spectrum_calc_before_obj': 5.0492284297943115}",0.0,0.9.29,boltzmann,1.0,X,1.0,26607.0,boltzmann,0.01,0.01,2324.9473752583617,2339.9473752583617,1817.6861883520196,1802.6861883520196,cm-1,0.01,50928.0
20210629_Tvib300K_Trot300K_15.spec,300.0,296.0,300.0,300.0,32.0,voigt,5.4,0.0,1.0,hitemp-radisdb,/home/pipebomb/.radisdb/CO-05_HITEMP2019.h5,0.1375350788016573,0.20180288881201608,0.0,1e-06,1.0,"1,2,3,4,5,6",1624970063.5352895,radis,26607.0,0.0,0.0,0.0,1.0,1.0,CO,CO_1818_2325_26607,hapi,1.0,1000.0,"{'scaled_eq_lineshift': 0.006801128387451172, 'calc_lineshift': 0.0007700920104980469, 'calc_hwhm': 0.00897836685180664, 'init_vectors': 0.17830324172973633, 'voigt_broadening': 4.587885141372681, 'init_vectors_apply': 0.10247159004211426, 'get_matching_line': 0.0013957023620605469, 'aggregate__center_lines': 0.4750947952270508, 'aggregate_wing_lines': 0.0022618770599365234, 'calc_line_broadening': 5.375446081161499, 'calc_other_spectral_quan': 0.0027031898498535156, 'spectrum_calc_before_obj': 5.398493766784668}",0.0,0.9.29,boltzmann,1.0,X,1.0,26607.0,boltzmann,0.01,0.01,2324.9473752583617,2340.9473752583617,1817.6861883520196,1801.6861883520196,cm-1,0.01,50928.0
20210629_Tvib300K_Trot300K_16.spec,300.0,296.0,300.0,300.0,34.0,voigt,5.7,0.0,1.0,hitemp-radisdb,/home/pipebomb/.radisdb/CO-05_HITEMP2019.h5,0.1375350788016573,0.20180288881201608,0.0,1e-06,1.0,"1,2,3,4,5,6",1624970069.892101,radis,26607.0,0.0,0.0,0.0,1.0,1.0,CO,CO_1818_2325_26607,hapi,1.0,1000.0,"{'scaled_eq_lineshift': 0.006997823715209961, 'calc_lineshift': 0.0007176399230957031, 'calc_hwhm': 0.009186506271362305, 'init_vectors': 0.1838531494140625, 'voigt_broadening': 4.86679220199585, 'init_vectors_apply': 0.10844182968139648, 'get_matching_line': 0.0014922618865966797, 'aggregate__center_lines': 0.48490023612976074, 'aggregate_wing_lines': 0.0022122859954833984, 'calc_line_broadening': 5.677283525466919, 'calc_other_spectral_quan': 0.002673625946044922, 'spectrum_calc_before_obj': 5.700741529464722}",0.0,0.9.29,boltzmann,1.0,X,1.0,26607.0,boltzmann,0.01,0.01,2324.9473752583617,2341.9473752583617,1817.6861883520196,1800.6861883520196,cm-1,0.01,50928.0
20210629_Tvib300K_Trot300K_17.spec,300.0,296.0,300.0,300.0,36.0,voigt,6.1,0.0,1.0,hitemp-radisdb,/home/pipebomb/.radisdb/CO-05_HITEMP2019.h5,0.1375350788016573,0.20180288881201608,0.0,1e-06,1.0,"1,2,3,4,5,6",1624970076.6447191,radis,26607.0,0.0,0.0,0.0,1.0,1.0,CO,CO_1818_2325_26607,hapi,1.0,1000.0,"{'scaled_eq_lineshift': 0.007048130035400391, 'calc_lineshift': 0.0008251667022705078, 'calc_hwhm': 0.009051322937011719, 'init_vectors': 0.20286321640014648, 'voigt_broadening': 5.192721366882324, 'init_vectors_apply': 0.11635136604309082, 'get_matching_line': 0.0014023780822753906, 'aggregate__center_lines': 0.5244696140289307, 'aggregate_wing_lines': 0.0024971961975097656, 'calc_line_broadening': 6.072566509246826, 'calc_other_spectral_quan': 0.0027875900268554688, 'spectrum_calc_before_obj': 6.096294641494751}",0.0,0.9.29,boltzmann,1.0,X,1.0,26607.0,boltzmann,0.01,0.01,2324.9473752583617,2342.9473752583617,1817.6861883520196,1799.6861883520196,cm-1,0.01,50928.0
20210629_Tvib300K_Trot300K_18.spec,300.0,296.0,300.0,300.0,38.0,voigt,6.37,0.0,1.0,hitemp-radisdb,/home/pipebomb/.radisdb/CO-05_HITEMP2019.h5,0.1375350788016573,0.20180288881201608,0.0,1e-06,1.0,"1,2,3,4,5,6",1624970083.6891937,radis,26607.0,0.0,0.0,0.0,1.0,1.0,CO,CO_1818_2325_26607,hapi,1.0,1000.0,"{'scaled_eq_lineshift': 0.007124423980712891, 'calc_lineshift': 0.0008175373077392578, 'calc_hwhm': 0.009101152420043945, 'init_vectors': 0.21497297286987305, 'voigt_broadening': 5.44340443611145, 'init_vectors_apply': 0.11964654922485352, 'get_matching_line': 0.001413583755493164, 'aggregate__center_lines': 0.5304782390594482, 'aggregate_wing_lines': 0.0022182464599609375, 'calc_line_broadening': 6.3450939655303955, 'calc_other_spectral_quan': 0.002914905548095703, 'spectrum_calc_before_obj': 6.368893623352051}",0.0,0.9.29,boltzmann,1.0,X,1.0,26607.0,boltzmann,0.01,0.01,2324.9473752583617,2343.9473752583617,1817.6861883520196,1798.6861883520196,cm-1,0.01,50928.0
20210629_Tvib300K_Trot300K_19.spec,300.0,296.0,300.0,300.0,40.0,voigt,7.45,0.0,1.0,hitemp-radisdb,/home/pipebomb/.radisdb/CO-05_HITEMP2019.h5,0.1375350788016573,0.20180288881201608,0.0,1e-06,1.0,"1,2,3,4,5,6",1624970091.8331192,radis,26607.0,0.0,0.0,0.0,1.0,1.0,CO,CO_1818_2325_26607,hapi,1.0,1000.0,"{'scaled_eq_lineshift': 0.0069751739501953125, 'calc_lineshift': 0.0007481575012207031, 'calc_hwhm': 0.00826573371887207, 'init_vectors': 0.22031593322753906, 'voigt_broadening': 6.287211656570435, 'init_vectors_apply': 0.17184209823608398, 'get_matching_line': 0.001416921615600586, 'aggregate__center_lines': 0.6997182369232178, 'aggregate_wing_lines': 0.0029764175415039062, 'calc_line_broadening': 7.426409721374512, 'calc_other_spectral_quan': 0.004917621612548828, 'spectrum_calc_before_obj': 7.451148986816406}",0.0,0.9.29,boltzmann,1.0,X,1.0,26607.0,boltzmann,0.01,0.01,2324.9473752583617,2344.9473752583617,1817.6861883520196,1797.6861883520196,cm-1,0.01,50928.0
20210629_Tvib300K_Trot300K_20.spec,300.0,296.0,300.0,300.0,42.0,voigt,7.85,0.0,1.0,hitemp-radisdb,/home/pipebomb/.radisdb/CO-05_HITEMP2019.h5,0.1375350788016573,0.20180288881201608,0.0,1e-06,1.0,"1,2,3,4,5,6",1624970100.420823,radis,26607.0,0.0,0.0,0.0,1.0,1.0,CO,CO_1818_2325_26607,hapi,1.0,1000.0,"{'scaled_eq_lineshift': 0.009725332260131836, 'calc_lineshift': 0.0007731914520263672, 'calc_hwhm': 0.011689424514770508, 'init_vectors': 0.29299259185791016, 'voigt_broadening': 6.708660364151001, 'init_vectors_apply': 0.14675521850585938, 'get_matching_line': 0.00140380859375, 'aggregate__center_lines': 0.6308026313781738, 'aggregate_wing_lines': 0.0025336742401123047, 'calc_line_broadening': 7.823495864868164, 'calc_other_spectral_quan': 0.002979755401611328, 'spectrum_calc_before_obj': 7.853912591934204}",0.0,0.9.29,boltzmann,1.0,X,1.0,26607.0,boltzmann,0.01,0.01,2324.9473752583617,2345.9473752583617,1817.6861883520196,1796.6861883520196,cm-1,0.01,50928.0
20210629_Tvib300K_Trot300K_21.spec,300.0,296.0,300.0,300.0,44.0,voigt,8.0,0.0,1.0,hitemp-radisdb,/home/pipebomb/.radisdb/CO-05_HITEMP2019.h5,0.1375350788016573,0.20180288881201608,0.0,1e-06,1.0,"1,2,3,4,5,6",1624970109.1208587,radis,26607.0,0.0,0.0,0.0,1.0,1.0,CO,CO_1818_2325_26607,hapi,1.0,1000.0,"{'scaled_eq_lineshift': 0.010915756225585938, 'calc_lineshift': 0.0016813278198242188, 'calc_hwhm': 0.010152339935302734, 'init_vectors': 0.26664042472839355, 'voigt_broadening': 6.84674859046936, 'init_vectors_apply': 0.15398406982421875, 'get_matching_line': 0.0014271736145019531, 'aggregate__center_lines': 0.6556065082550049, 'aggregate_wing_lines': 0.0028433799743652344, 'calc_line_broadening': 7.971462726593018, 'calc_other_spectral_quan': 0.0030858516693115234, 'spectrum_calc_before_obj': 8.001837730407715}",0.0,0.9.29,boltzmann,1.0,X,1.0,26607.0,boltzmann,0.01,0.01,2324.9473752583617,2346.9473752583617,1817.6861883520196,1795.6861883520196,cm-1,0.01,50928.0
20210629_Tvib300K_Trot300K_22.spec,300.0,296.0,300.0,300.0,46.0,voigt,8.48,0.0,1.0,hitemp-radisdb,/home/pipebomb/.radisdb/CO-05_HITEMP2019.h5,0.1375350788016573,0.20180288881201608,0.0,1e-06,1.0,"1,2,3,4,5,6",1624970118.2941496,radis,26607.0,0.0,0.0,0.0,1.0,1.0,CO,CO_1818_2325_26607,hapi,1.0,1000.0,"{'scaled_eq_lineshift': 0.007693052291870117, 'calc_lineshift': 0.001188516616821289, 'calc_hwhm': 0.009134531021118164, 'init_vectors': 0.27923154830932617, 'voigt_broadening': 7.25266170501709, 'init_vectors_apply': 0.17174816131591797, 'get_matching_line': 0.0014317035675048828, 'aggregate__center_lines': 0.6965858936309814, 'aggregate_wing_lines': 0.0040285587310791016, 'calc_line_broadening': 8.450440406799316, 'calc_other_spectral_quan': 0.0031316280364990234, 'spectrum_calc_before_obj': 8.475672483444214}",0.0,0.9.29,boltzmann,1.0,X,1.0,26607.0,boltzmann,0.01,0.01,2324.9473752583617,2347.9473752583617,1817.6861883520196,1794.6861883520196,cm-1,0.01,50928.0
20210629_Tvib300K_Trot300K_23.spec,300.0,296.0,300.0,300.0,48.0,voigt,8.62,0.0,1.0,hitemp-radisdb,/home/pipebomb/.radisdb/CO-05_HITEMP2019.h5,0.1375350788016573,0.20180288881201608,0.0,1e-06,1.0,"1,2,3,4,5,6",1624970127.6118264,radis,26607.0,0.0,0.0,0.0,1.0,1.0,CO,CO_1818_2325_26607,hapi,1.0,1000.0,"{'scaled_eq_lineshift': 0.0077915191650390625, 'calc_lineshift': 0.0008985996246337891, 'calc_hwhm': 0.01008749008178711, 'init_vectors': 0.2944362163543701, 'voigt_broadening': 7.4358601570129395, 'init_vectors_apply': 0.15445590019226074, 'get_matching_line': 0.0014309883117675781, 'aggregate__center_lines': 0.660294771194458, 'aggregate_wing_lines': 0.0028951168060302734, 'calc_line_broadening': 8.595346927642822, 'calc_other_spectral_quan': 0.0029735565185546875, 'spectrum_calc_before_obj': 8.621865510940552}",0.0,0.9.29,boltzmann,1.0,X,1.0,26607.0,boltzmann,0.01,0.01,2324.9473752583617,2348.9473752583617,1817.6861883520196,1793.6861883520196,cm-1,0.01,50928.0
20210629_Tvib300K_Trot300K_24.spec,300.0,296.0,300.0,300.0,50.0,voigt,8.78,0.0,1.0,hitemp-radisdb,/home/pipebomb/.radisdb/CO-05_HITEMP2019.h5,0.1375350788016573,0.20180288881201608,0.0,1e-06,1.0,"1,2,3,4,5,6",1624970137.0679584,radis,26607.0,0.0,0.0,0.0,1.0,1.0,CO,CO_1818_2325_26607,hapi,1.0,1000.0,"{'scaled_eq_lineshift': 0.006649017333984375, 'calc_lineshift': 0.0011339187622070312, 'calc_hwhm': 0.00941324234008789, 'init_vectors': 0.2809433937072754, 'voigt_broadening': 7.577493906021118, 'init_vectors_apply': 0.15702295303344727, 'get_matching_line': 0.0013897418975830078, 'aggregate__center_lines': 0.6853163242340088, 'aggregate_wing_lines': 0.0028922557830810547, 'calc_line_broadening': 8.751869440078735, 'calc_other_spectral_quan': 0.0032825469970703125, 'spectrum_calc_before_obj': 8.77653193473816}",0.0,0.9.29,boltzmann,1.0,X,1.0,26607.0,boltzmann,0.01,0.01,2324.9473752583617,2349.9473752583617,1817.6861883520196,1792.6861883520196,cm-1,0.01,50928.0
20210629_Tvib300K_Trot300K_25.spec,300.0,296.0,300.0,300.0,52.0,voigt,9.03,0.0,1.0,hitemp-radisdb,/home/pipebomb/.radisdb/CO-05_HITEMP2019.h5,0.1375350788016573,0.20180288881201608,0.0,1e-06,1.0,"1,2,3,4,5,6",1624970146.8093462,radis,26607.0,0.0,0.0,0.0,1.0,1.0,CO,CO_1818_2325_26607,hapi,1.0,1000.0,"{'scaled_eq_lineshift': 0.006894350051879883, 'calc_lineshift': 0.0008518695831298828, 'calc_hwhm': 0.009230852127075195, 'init_vectors': 0.28732919692993164, 'voigt_broadening': 7.693541765213013, 'init_vectors_apply': 0.17270851135253906, 'get_matching_line': 0.0014722347259521484, 'aggregate__center_lines': 0.7875323295593262, 'aggregate_wing_lines': 0.0032567977905273438, 'calc_line_broadening': 9.004851818084717, 'calc_other_spectral_quan': 0.0050165653228759766, 'spectrum_calc_before_obj': 9.030967950820923}",0.0,0.9.29,boltzmann,1.0,X,1.0,26607.0,boltzmann,0.01,0.01,2324.9473752583617,2350.9473752583617,1817.6861883520196,1791.6861883520196,cm-1,0.01,50928.0
20210629_Tvib300K_Trot300K_26.spec,300.0,296.0,300.0,300.0,54.0,voigt,9.56,0.0,1.0,hitemp-radisdb,/home/pipebomb/.radisdb/CO-05_HITEMP2019.h5,0.1375350788016573,0.20180288881201608,0.0,1e-06,1.0,"1,2,3,4,5,6",1624970157.083243,radis,26607.0,0.0,0.0,0.0,1.0,1.0,CO,CO_1818_2325_26607,hapi,1.0,1000.0,"{'scaled_eq_lineshift': 0.0072209835052490234, 'calc_lineshift': 0.0008311271667480469, 'calc_hwhm': 0.008813142776489258, 'init_vectors': 0.31976985931396484, 'voigt_broadening': 8.229268312454224, 'init_vectors_apply': 0.1827991008758545, 'get_matching_line': 0.0015168190002441406, 'aggregate__center_lines': 0.7515404224395752, 'aggregate_wing_lines': 0.002936124801635742, 'calc_line_broadening': 9.535866022109985, 'calc_other_spectral_quan': 0.0029981136322021484, 'spectrum_calc_before_obj': 9.559967279434204}",0.0,0.9.29,boltzmann,1.0,X,1.0,26607.0,boltzmann,0.01,0.01,2324.9473752583617,2351.9473752583617,1817.6861883520196,1790.6861883520196,cm-1,0.01,50928.0
20210629_Tvib300K_Trot300K_27.spec,300.0,296.0,300.0,300.0,56.0,voigt,9.89,0.0,1.0,hitemp-radisdb,/home/pipebomb/.radisdb/CO-05_HITEMP2019.h5,0.1375350788016573,0.20180288881201608,0.0,1e-06,1.0,"1,2,3,4,5,6",1624970167.7254105,radis,26607.0,0.0,0.0,0.0,1.0,1.0,CO,CO_1818_2325_26607,hapi,1.0,1000.0,"{'scaled_eq_lineshift': 0.006718873977661133, 'calc_lineshift': 0.001012563705444336, 'calc_hwhm': 0.009800434112548828, 'init_vectors': 0.3300168514251709, 'voigt_broadening': 8.54786467552185, 'init_vectors_apply': 0.17516303062438965, 'get_matching_line': 0.0014560222625732422, 'aggregate__center_lines': 0.7577686309814453, 'aggregate_wing_lines': 0.002984762191772461, 'calc_line_broadening': 9.864133834838867, 'calc_other_spectral_quan': 0.0032351016998291016, 'spectrum_calc_before_obj': 9.889235973358154}",0.0,0.9.29,boltzmann,1.0,X,1.0,26607.0,boltzmann,0.01,0.01,2324.9473752583617,2352.9473752583617,1817.6861883520196,1789.6861883520196,cm-1,0.01,50928.0
20210629_Tvib300K_Trot300K_28.spec,300.0,296.0,300.0,300.0,58.0,voigt,10.2,0.0,1.0,hitemp-radisdb,/home/pipebomb/.radisdb/CO-05_HITEMP2019.h5,0.1375350788016573,0.20180288881201608,0.0,1e-06,1.0,"1,2,3,4,5,6",1624970178.6316943,radis,26607.0,0.0,0.0,0.0,1.0,1.0,CO,CO_1818_2325_26607,hapi,1.0,1000.0,"{'scaled_eq_lineshift': 0.006504058837890625, 'calc_lineshift': 0.0009455680847167969, 'calc_hwhm': 0.009697914123535156, 'init_vectors': 0.36023807525634766, 'voigt_broadening': 8.794109582901001, 'init_vectors_apply': 0.18644142150878906, 'get_matching_line': 0.0014691352844238281, 'aggregate__center_lines': 0.7822935581207275, 'aggregate_wing_lines': 0.0031325817108154297, 'calc_line_broadening': 10.17892837524414, 'calc_other_spectral_quan': 0.0032312870025634766, 'spectrum_calc_before_obj': 10.203433990478516}",0.0,0.9.29,boltzmann,1.0,X,1.0,26607.0,boltzmann,0.01,0.01,2324.9473752583617,2353.9473752583617,1817.6861883520196,1788.6861883520196,cm-1,0.01,50928.0
20210629_Tvib300K_Trot300K_29.spec,300.0,296.0,300.0,300.0,60.0,voigt,10.35,0.0,1.0,hitemp-radisdb,/home/pipebomb/.radisdb/CO-05_HITEMP2019.h5,0.1375350788016573,0.20180288881201608,0.0,1e-06,1.0,"1,2,3,4,5,6",1624970189.6580489,radis,26607.0,0.0,0.0,0.0,1.0,1.0,CO,CO_1818_2325_26607,hapi,1.0,1000.0,"{'scaled_eq_lineshift': 0.007105112075805664, 'calc_lineshift': 0.0007929801940917969, 'calc_hwhm': 0.008597612380981445, 'init_vectors': 0.3354456424713135, 'voigt_broadening': 8.94304084777832, 'init_vectors_apply': 0.19101667404174805, 'get_matching_line': 0.0013856887817382812, 'aggregate__center_lines': 0.7950820922851562, 'aggregate_wing_lines': 0.003192901611328125, 'calc_line_broadening': 10.322014331817627, 'calc_other_spectral_quan': 0.003197908401489258, 'spectrum_calc_before_obj': 10.345913887023926}",0.0,0.9.29,boltzmann,1.0,X,1.0,26607.0,boltzmann,0.01,0.01,2324.9473752583617,2354.9473752583617,1817.6861883520196,1787.6861883520196,cm-1,0.01,50928.0
20210629_Tvib300K_Trot300K_30.spec,300.0,296.0,300.0,300.0,62.0,voigt,10.82,0.0,1.0,hitemp-radisdb,/home/pipebomb/.radisdb/CO-05_HITEMP2019.h5,0.1375350788016573,0.20180288881201608,0.0,1e-06,1.0,"1,2,3,4,5,6",1624970201.1602294,radis,26607.0,0.0,0.0,0.0,1.0,1.0,CO,CO_1818_2325_26607,hapi,1.0,1000.0,"{'scaled_eq_lineshift': 0.006819725036621094, 'calc_lineshift': 0.0008077621459960938, 'calc_hwhm': 0.009008169174194336, 'init_vectors': 0.3449256420135498, 'voigt_broadening': 9.363984823226929, 'init_vectors_apply': 0.19917011260986328, 'get_matching_line': 0.0016210079193115234, 'aggregate__center_lines': 0.8247902393341064, 'aggregate_wing_lines': 0.0032775402069091797, 'calc_line_broadening': 10.793484687805176, 'calc_other_spectral_quan': 0.0030155181884765625, 'spectrum_calc_before_obj': 10.81704568862915}",0.0,0.9.29,boltzmann,1.0,X,1.0,26607.0,boltzmann,0.01,0.01,2324.9473752583617,2355.9473752583617,1817.6861883520196,1786.6861883520196,cm-1,0.01,50928.0
20210629_Tvib300K_Trot300K_31.spec,300.0,296.0,300.0,300.0,64.0,voigt,11.17,0.0,1.0,hitemp-radisdb,/home/pipebomb/.radisdb/CO-05_HITEMP2019.h5,0.1375350788016573,0.20180288881201608,0.0,1e-06,1.0,"1,2,3,4,5,6",1624970213.0182657,radis,26607.0,0.0,0.0,0.0,1.0,1.0,CO,CO_1818_2325_26607,hapi,1.0,1000.0,"{'scaled_eq_lineshift': 0.006931304931640625, 'calc_lineshift': 0.0008218288421630859, 'calc_hwhm': 0.009554386138916016, 'init_vectors': 0.35797929763793945, 'voigt_broadening': 9.668653964996338, 'init_vectors_apply': 0.20273470878601074, 'get_matching_line': 0.0014905929565429688, 'aggregate__center_lines': 0.8558979034423828, 'aggregate_wing_lines': 0.003532886505126953, 'calc_line_broadening': 11.144493341445923, 'calc_other_spectral_quan': 0.0029833316802978516, 'spectrum_calc_before_obj': 11.16884446144104}",0.0,0.9.29,boltzmann,1.0,X,1.0,26607.0,boltzmann,0.01,0.01,2324.9473752583617,2356.9473752583617,1817.6861883520196,1785.6861883520196,cm-1,0.01,50928.0
20210629_Tvib300K_Trot300K_32.spec,300.0,296.0,300.0,300.0,66.0,voigt,11.5,0.0,1.0,hitemp-radisdb,/home/pipebomb/.radisdb/CO-05_HITEMP2019.h5,0.1375350788016573,0.20180288881201608,0.0,1e-06,1.0,"1,2,3,4,5,6",1624970225.220147,radis,26607.0,0.0,0.0,0.0,1.0,1.0,CO,CO_1818_2325_26607,hapi,1.0,1000.0,"{'scaled_eq_lineshift': 0.006930828094482422, 'calc_lineshift': 0.0008678436279296875, 'calc_hwhm': 0.008951187133789062, 'init_vectors': 0.36153221130371094, 'voigt_broadening': 9.958888292312622, 'init_vectors_apply': 0.21100258827209473, 'get_matching_line': 0.001323699951171875, 'aggregate__center_lines': 0.8811750411987305, 'aggregate_wing_lines': 0.003336191177368164, 'calc_line_broadening': 11.47518515586853, 'calc_other_spectral_quan': 0.0033195018768310547, 'spectrum_calc_before_obj': 11.499438762664795}",0.0,0.9.29,boltzmann,1.0,X,1.0,26607.0,boltzmann,0.01,0.01,2324.9473752583617,2357.9473752583617,1817.6861883520196,1784.6861883520196,cm-1,0.01,50928.0
20210629_Tvib300K_Trot300K_33.spec,300.0,296.0,300.0,300.0,68.0,voigt,11.91,0.0,1.0,hitemp-radisdb,/home/pipebomb/.radisdb/CO-05_HITEMP2019.h5,0.1375350788016573,0.20180288881201608,0.0,1e-06,1.0,"1,2,3,4,5,6",1624970237.8252597,radis,26607.0,0.0,0.0,0.0,1.0,1.0,CO,CO_1818_2325_26607,hapi,1.0,1000.0,"{'scaled_eq_lineshift': 0.0068624019622802734, 'calc_lineshift': 0.0007736682891845703, 'calc_hwhm': 0.008729696273803711, 'init_vectors': 0.37507152557373047, 'voigt_broadening': 10.314704179763794, 'init_vectors_apply': 0.21975374221801758, 'get_matching_line': 0.0013859272003173828, 'aggregate__center_lines': 0.9123950004577637, 'aggregate_wing_lines': 0.0035114288330078125, 'calc_line_broadening': 11.887876510620117, 'calc_other_spectral_quan': 0.0032486915588378906, 'spectrum_calc_before_obj': 11.911474704742432}",0.0,0.9.29,boltzmann,1.0,X,1.0,26607.0,boltzmann,0.01,0.01,2324.9473752583617,2358.9473752583617,1817.6861883520196,1783.6861883520196,cm-1,0.01,50928.0
20210629_Tvib300K_Trot300K_34.spec,300.0,296.0,300.0,300.0,70.0,voigt,12.45,0.0,1.0,hitemp-radisdb,/home/pipebomb/.radisdb/CO-05_HITEMP2019.h5,0.1375350788016573,0.20180288881201608,0.0,1e-06,1.0,"1,2,3,4,5,6",1624970251.006503,radis,26607.0,0.0,0.0,0.0,1.0,1.0,CO,CO_1818_2325_26607,hapi,1.0,1000.0,"{'scaled_eq_lineshift': 0.007043600082397461, 'calc_lineshift': 0.0008499622344970703, 'calc_hwhm': 0.008792638778686523, 'init_vectors': 0.4070734977722168, 'voigt_broadening': 10.805623054504395, 'init_vectors_apply': 0.22314000129699707, 'get_matching_line': 0.0013427734375, 'aggregate__center_lines': 0.9282824993133545, 'aggregate_wing_lines': 0.003528118133544922, 'calc_line_broadening': 12.429832935333252, 'calc_other_spectral_quan': 0.002964496612548828, 'spectrum_calc_before_obj': 12.453712940216064}",0.0,0.9.29,boltzmann,1.0,X,1.0,26607.0,boltzmann,0.01,0.01,2324.9473752583617,2359.9473752583617,1817.6861883520196,1782.6861883520196,cm-1,0.01,50928.0
20210629_Tvib300K_Trot300K_35.spec,300.0,296.0,300.0,300.0,72.0,voigt,13.14,0.0,1.0,hitemp-radisdb,/home/pipebomb/.radisdb/CO-05_HITEMP2019.h5,0.1375350788016573,0.20180288881201608,0.0,1e-06,1.0,"1,2,3,4,5,6",1624970264.8516126,radis,26607.0,0.0,0.0,0.0,1.0,1.0,CO,CO_1818_2325_26607,hapi,1.0,1000.0,"{'scaled_eq_lineshift': 0.006921291351318359, 'calc_lineshift': 0.0008149147033691406, 'calc_hwhm': 0.008729696273803711, 'init_vectors': 0.3968045711517334, 'voigt_broadening': 11.485309839248657, 'init_vectors_apply': 0.23762178421020508, 'get_matching_line': 0.0014808177947998047, 'aggregate__center_lines': 0.9331068992614746, 'aggregate_wing_lines': 0.003800630569458008, 'calc_line_broadening': 13.118932247161865, 'calc_other_spectral_quan': 0.0032148361206054688, 'spectrum_calc_before_obj': 13.142629146575928}",0.0,0.9.29,boltzmann,1.0,X,1.0,26607.0,boltzmann,0.01,0.01,2324.9473752583617,2360.9473752583617,1817.6861883520196,1781.6861883520196,cm-1,0.01,50928.0
20210629_Tvib300K_Trot300K_36.spec,300.0,296.0,300.0,300.0,74.0,voigt,13.17,0.0,1.0,hitemp-radisdb,/home/pipebomb/.radisdb/CO-05_HITEMP2019.h5,0.1375350788016573,0.20180288881201608,0.0,1e-06,1.0,"1,2,3,4,5,6",1624970278.716733,radis,26607.0,0.0,0.0,0.0,1.0,1.0,CO,CO_1818_2325_26607,hapi,1.0,1000.0,"{'scaled_eq_lineshift': 0.0070400238037109375, 'calc_lineshift': 0.0008578300476074219, 'calc_hwhm': 0.009282827377319336, 'init_vectors': 0.4069681167602539, 'voigt_broadening': 11.481972455978394, 'init_vectors_apply': 0.25009918212890625, 'get_matching_line': 0.0015115737915039062, 'aggregate__center_lines': 0.9439291954040527, 'aggregate_wing_lines': 0.0035691261291503906, 'calc_line_broadening': 13.1502366065979, 'calc_other_spectral_quan': 0.0029001235961914062, 'spectrum_calc_before_obj': 13.174280881881714}",0.0,0.9.29,boltzmann,1.0,X,1.0,26607.0,boltzmann,0.01,0.01,2324.9473752583617,2361.9473752583617,1817.6861883520196,1780.6861883520196,cm-1,0.01,50928.0
20210629_Tvib300K_Trot300K_37.spec,300.0,296.0,300.0,300.0,76.0,voigt,13.69,0.0,1.0,hitemp-radisdb,/home/pipebomb/.radisdb/CO-05_HITEMP2019.h5,0.1375350788016573,0.20180288881201608,0.0,1e-06,1.0,"1,2,3,4,5,6",1624970293.1235263,radis,26607.0,0.0,0.0,0.0,1.0,1.0,CO,CO_1818_2325_26607,hapi,1.0,1000.0,"{'scaled_eq_lineshift': 0.0070307254791259766, 'calc_lineshift': 0.0008018016815185547, 'calc_hwhm': 0.008964776992797852, 'init_vectors': 0.4222676753997803, 'voigt_broadening': 11.912105321884155, 'init_vectors_apply': 0.25386738777160645, 'get_matching_line': 0.001493215560913086, 'aggregate__center_lines': 1.0093958377838135, 'aggregate_wing_lines': 0.0038733482360839844, 'calc_line_broadening': 13.668344736099243, 'calc_other_spectral_quan': 0.0030477046966552734, 'spectrum_calc_before_obj': 13.692157983779907}",0.0,0.9.29,boltzmann,1.0,X,1.0,26607.0,boltzmann,0.01,0.01,2324.9473752583617,2362.9473752583617,1817.6861883520196,1779.6861883520196,cm-1,0.01,50928.0
20210629_Tvib300K_Trot300K_38.spec,300.0,296.0,300.0,300.0,78.0,voigt,14.51,0.0,1.0,hitemp-radisdb,/home/pipebomb/.radisdb/CO-05_HITEMP2019.h5,0.1375350788016573,0.20180288881201608,0.0,1e-06,1.0,"1,2,3,4,5,6",1624970308.3372483,radis,26607.0,0.0,0.0,0.0,1.0,1.0,CO,CO_1818_2325_26607,hapi,1.0,1000.0,"{'scaled_eq_lineshift': 0.007104635238647461, 'calc_lineshift': 0.0009033679962158203, 'calc_hwhm': 0.009135723114013672, 'init_vectors': 0.46866846084594727, 'voigt_broadening': 12.626994132995605, 'init_vectors_apply': 0.26959753036499023, 'get_matching_line': 0.0015168190002441406, 'aggregate__center_lines': 1.0443954467773438, 'aggregate_wing_lines': 0.0038564205169677734, 'calc_line_broadening': 14.482051372528076, 'calc_other_spectral_quan': 0.0029990673065185547, 'spectrum_calc_before_obj': 14.506263971328735}",0.0,0.9.29,boltzmann,1.0,X,1.0,26607.0,boltzmann,0.01,0.01,2324.9473752583617,2363.9473752583617,1817.6861883520196,1778.6861883520196,cm-1,0.01,50928.0
20210629_Tvib300K_Trot300K_39.spec,300.0,296.0,300.0,300.0,80.0,voigt,14.58,0.0,1.0,hitemp-radisdb,/home/pipebomb/.radisdb/CO-05_HITEMP2019.h5,0.1375350788016573,0.20180288881201608,0.0,1e-06,1.0,"1,2,3,4,5,6",1624970323.633246,radis,26607.0,0.0,0.0,0.0,1.0,1.0,CO,CO_1818_2325_26607,hapi,1.0,1000.0,"{'scaled_eq_lineshift': 0.0066678524017333984, 'calc_lineshift': 0.0007808208465576172, 'calc_hwhm': 0.008808374404907227, 'init_vectors': 0.435208797454834, 'voigt_broadening': 12.743102788925171, 'init_vectors_apply': 0.26498842239379883, 'get_matching_line': 0.0014405250549316406, 'aggregate__center_lines': 1.0400254726409912, 'aggregate_wing_lines': 0.0038487911224365234, 'calc_line_broadening': 14.558505058288574, 'calc_other_spectral_quan': 0.0030355453491210938, 'spectrum_calc_before_obj': 14.581798076629639}",0.0,0.9.29,boltzmann,1.0,X,1.0,26607.0,boltzmann,0.01,0.01,2324.9473752583617,2364.9473752583617,1817.6861883520196,1777.6861883520196,cm-1,0.01,50928.0
20210629_Tvib300K_Trot300K_40.spec,300.0,296.0,300.0,300.0,2.0,voigt,0.67,0.0,1.0,hitemp-radisdb,/home/pipebomb/.radisdb/CO-05_HITEMP2019.h5,0.1375350788016573,0.20180288881201608,0.0,1e-06,1.0,"1,2,3,4,5,6",1624978183.2723489,radis,39287.0,0.0,0.0,0.0,1.0,1.0,CO,CO_952_1587_39287,hapi,1.0,1000.0,"{'scaled_eq_lineshift': 0.008089780807495117, 'calc_lineshift': 0.0009427070617675781, 'calc_hwhm': 0.009533882141113281, 'init_vectors': 0.016347646713256836, 'voigt_broadening': 0.3763253688812256, 'init_vectors_apply': 0.00938558578491211, 'get_matching_line': 0.0016968250274658203, 'aggregate__center_lines': 0.23923587799072266, 'aggregate_wing_lines': 0.00077056884765625, 'calc_line_broadening': 0.6471564769744873, 'calc_other_spectral_quan': 0.0035953521728515625, 'spectrum_calc_before_obj': 0.6739625930786133}",0.0,0.9.29,boltzmann,1.0,X,1.0,39287.0,boltzmann,0.01,0.01,1586.8689137208794,1587.8689137208794,952.1213717646444,951.1213717646444,cm-1,0.01,63676.0
20210629_Tvib300K_Trot300K_41.spec,300.0,296.0,300.0,300.0,4.0,voigt,1.22,0.0,1.0,hitemp-radisdb,/home/pipebomb/.radisdb/CO-05_HITEMP2019.h5,0.1375350788016573,0.20180288881201608,0.0,1e-06,1.0,"1,2,3,4,5,6",1624978185.2001827,radis,39287.0,0.0,0.0,0.0,1.0,1.0,CO,CO_952_1587_39287,hapi,1.0,1000.0,"{'scaled_eq_lineshift': 0.007721424102783203, 'calc_lineshift': 0.0007803440093994141, 'calc_hwhm': 0.009916305541992188, 'init_vectors': 0.03325080871582031, 'voigt_broadening': 0.841064453125, 'init_vectors_apply': 0.02312755584716797, 'get_matching_line': 0.002025127410888672, 'aggregate__center_lines': 0.2857043743133545, 'aggregate_wing_lines': 0.0012106895446777344, 'calc_line_broadening': 1.1930465698242188, 'calc_other_spectral_quan': 0.0034813880920410156, 'spectrum_calc_before_obj': 1.2196123600006104}",0.0,0.9.29,boltzmann,1.0,X,1.0,39287.0,boltzmann,0.01,0.01,1586.8689137208794,1588.8689137208794,952.1213717646444,950.1213717646444,cm-1,0.01,63676.0
20210629_Tvib300K_Trot300K_42.spec,300.0,296.0,300.0,300.0,6.0,voigt,1.78,0.0,1.0,hitemp-radisdb,/home/pipebomb/.radisdb/CO-05_HITEMP2019.h5,0.1375350788016573,0.20180288881201608,0.0,1e-06,1.0,"1,2,3,4,5,6",1624978187.699968,radis,39287.0,0.0,0.0,0.0,1.0,1.0,CO,CO_952_1587_39287,hapi,1.0,1000.0,"{'scaled_eq_lineshift': 0.008018255233764648, 'calc_lineshift': 0.0008323192596435547, 'calc_hwhm': 0.00977182388305664, 'init_vectors': 0.05051064491271973, 'voigt_broadening': 1.3134524822235107, 'init_vectors_apply': 0.03029918670654297, 'get_matching_line': 0.0018978118896484375, 'aggregate__center_lines': 0.3467898368835449, 'aggregate_wing_lines': 0.0009472370147705078, 'calc_line_broadening': 1.7536516189575195, 'calc_other_spectral_quan': 0.0034685134887695312, 'spectrum_calc_before_obj': 1.7801501750946045}",0.0,0.9.29,boltzmann,1.0,X,1.0,39287.0,boltzmann,0.01,0.01,1586.8689137208794,1589.8689137208794,952.1213717646444,949.1213717646444,cm-1,0.01,63676.0
20210629_Tvib300K_Trot300K_43.spec,300.0,296.0,300.0,300.0,8.0,voigt,2.22,0.0,1.0,hitemp-radisdb,/home/pipebomb/.radisdb/CO-05_HITEMP2019.h5,0.1375350788016573,0.20180288881201608,0.0,1e-06,1.0,"1,2,3,4,5,6",1624978190.6437166,radis,39287.0,0.0,0.0,0.0,1.0,1.0,CO,CO_952_1587_39287,hapi,1.0,1000.0,"{'scaled_eq_lineshift': 0.007554531097412109, 'calc_lineshift': 0.0007462501525878906, 'calc_hwhm': 0.00914311408996582, 'init_vectors': 0.0667111873626709, 'voigt_broadening': 1.736823320388794, 'init_vectors_apply': 0.03690481185913086, 'get_matching_line': 0.0018448829650878906, 'aggregate__center_lines': 0.3392918109893799, 'aggregate_wing_lines': 0.0009660720825195312, 'calc_line_broadening': 2.1952056884765625, 'calc_other_spectral_quan': 0.0032138824462890625, 'spectrum_calc_before_obj': 2.2203099727630615}",0.0,0.9.29,boltzmann,1.0,X,1.0,39287.0,boltzmann,0.01,0.01,1586.8689137208794,1590.8689137208794,952.1213717646444,948.1213717646444,cm-1,0.01,63676.0
20210629_Tvib300K_Trot300K_44.spec,300.0,296.0,300.0,300.0,10.0,voigt,2.69,0.0,1.0,hitemp-radisdb,/home/pipebomb/.radisdb/CO-05_HITEMP2019.h5,0.1375350788016573,0.20180288881201608,0.0,1e-06,1.0,"1,2,3,4,5,6",1624978194.0314288,radis,39287.0,0.0,0.0,0.0,1.0,1.0,CO,CO_952_1587_39287,hapi,1.0,1000.0,"{'scaled_eq_lineshift': 0.007222414016723633, 'calc_lineshift': 0.0008804798126220703, 'calc_hwhm': 0.009295463562011719, 'init_vectors': 0.08156371116638184, 'voigt_broadening': 2.1619651317596436, 'init_vectors_apply': 0.04634833335876465, 'get_matching_line': 0.0018804073333740234, 'aggregate__center_lines': 0.35883402824401855, 'aggregate_wing_lines': 0.0009634494781494141, 'calc_line_broadening': 2.6669180393218994, 'calc_other_spectral_quan': 0.003098726272583008, 'spectrum_calc_before_obj': 2.6915926933288574}",0.0,0.9.29,boltzmann,1.0,X,1.0,39287.0,boltzmann,0.01,0.01,1586.8689137208794,1591.8689137208794,952.1213717646444,947.1213717646444,cm-1,0.01,63676.0
20210629_Tvib300K_Trot300K_45.spec,300.0,296.0,300.0,300.0,12.0,voigt,3.16,0.0,1.0,hitemp-radisdb,/home/pipebomb/.radisdb/CO-05_HITEMP2019.h5,0.1375350788016573,0.20180288881201608,0.0,1e-06,1.0,"1,2,3,4,5,6",1624978197.911101,radis,39287.0,0.0,0.0,0.0,1.0,1.0,CO,CO_952_1587_39287,hapi,1.0,1000.0,"{'scaled_eq_lineshift': 0.0071451663970947266, 'calc_lineshift': 0.001008749008178711, 'calc_hwhm': 0.01011204719543457, 'init_vectors': 0.09906554222106934, 'voigt_broadening': 2.5623912811279297, 'init_vectors_apply': 0.05609893798828125, 'get_matching_line': 0.002042055130004883, 'aggregate__center_lines': 0.3947887420654297, 'aggregate_wing_lines': 0.0010786056518554688, 'calc_line_broadening': 3.134657621383667, 'calc_other_spectral_quan': 0.003188610076904297, 'spectrum_calc_before_obj': 3.1607768535614014}",0.0,0.9.29,boltzmann,1.0,X,1.0,39287.0,boltzmann,0.01,0.01,1586.8689137208794,1592.8689137208794,952.1213717646444,946.1213717646444,cm-1,0.01,63676.0
20210629_Tvib300K_Trot300K_46.spec,300.0,296.0,300.0,300.0,14.0,voigt,3.72,0.0,1.0,hitemp-radisdb,/home/pipebomb/.radisdb/CO-05_HITEMP2019.h5,0.1375350788016573,0.20180288881201608,0.0,1e-06,1.0,"1,2,3,4,5,6",1624978202.3267307,radis,39287.0,0.0,0.0,0.0,1.0,1.0,CO,CO_952_1587_39287,hapi,1.0,1000.0,"{'scaled_eq_lineshift': 0.007410526275634766, 'calc_lineshift': 0.0008516311645507812, 'calc_hwhm': 0.011458635330200195, 'init_vectors': 0.11482429504394531, 'voigt_broadening': 3.055995464324951, 'init_vectors_apply': 0.06794285774230957, 'get_matching_line': 0.001965045928955078, 'aggregate__center_lines': 0.4298670291900635, 'aggregate_wing_lines': 0.0010986328125, 'calc_line_broadening': 3.693406820297241, 'calc_other_spectral_quan': 0.003060579299926758, 'spectrum_calc_before_obj': 3.720355272293091}",0.0,0.9.29,boltzmann,1.0,X,1.0,39287.0,boltzmann,0.01,0.01,1586.8689137208794,1593.8689137208794,952.1213717646444,945.1213717646444,cm-1,0.01,63676.0
20210629_Tvib300K_Trot300K_47.spec,300.0,296.0,300.0,300.0,16.0,voigt,4.13,0.0,1.0,hitemp-radisdb,/home/pipebomb/.radisdb/CO-05_HITEMP2019.h5,0.1375350788016573,0.20180288881201608,0.0,1e-06,1.0,"1,2,3,4,5,6",1624978207.1543286,radis,39287.0,0.0,0.0,0.0,1.0,1.0,CO,CO_952_1587_39287,hapi,1.0,1000.0,"{'scaled_eq_lineshift': 0.00823068618774414, 'calc_lineshift': 0.0008034706115722656, 'calc_hwhm': 0.009912729263305664, 'init_vectors': 0.13433384895324707, 'voigt_broadening': 3.414046049118042, 'init_vectors_apply': 0.07558560371398926, 'get_matching_line': 0.001965761184692383, 'aggregate__center_lines': 0.44899702072143555, 'aggregate_wing_lines': 0.0012850761413574219, 'calc_line_broadening': 4.100844860076904, 'calc_other_spectral_quan': 0.0030791759490966797, 'spectrum_calc_before_obj': 4.126763343811035}",0.0,0.9.29,boltzmann,1.0,X,1.0,39287.0,boltzmann,0.01,0.01,1586.8689137208794,1594.8689137208794,952.1213717646444,944.1213717646444,cm-1,0.01,63676.0
20210629_Tvib300K_Trot300K_48.spec,300.0,296.0,300.0,300.0,18.0,voigt,4.61,0.0,1.0,hitemp-radisdb,/home/pipebomb/.radisdb/CO-05_HITEMP2019.h5,0.1375350788016573,0.20180288881201608,0.0,1e-06,1.0,"1,2,3,4,5,6",1624978212.4658892,radis,39287.0,0.0,0.0,0.0,1.0,1.0,CO,CO_952_1587_39287,hapi,1.0,1000.0,"{'scaled_eq_lineshift': 0.007246971130371094, 'calc_lineshift': 0.0008077621459960938, 'calc_hwhm': 0.010244607925415039, 'init_vectors': 0.1472606658935547, 'voigt_broadening': 3.839280366897583, 'init_vectors_apply': 0.08541679382324219, 'get_matching_line': 0.0019605159759521484, 'aggregate__center_lines': 0.4772202968597412, 'aggregate_wing_lines': 0.0012829303741455078, 'calc_line_broadening': 4.579317092895508, 'calc_other_spectral_quan': 0.003251314163208008, 'spectrum_calc_before_obj': 4.605108976364136}",0.0,0.9.29,boltzmann,1.0,X,1.0,39287.0,boltzmann,0.01,0.01,1586.8689137208794,1595.8689137208794,952.1213717646444,943.1213717646444,cm-1,0.01,63676.0
20210629_Tvib300K_Trot300K_49.spec,300.0,296.0,300.0,300.0,20.0,voigt,5.09,0.0,1.0,hitemp-radisdb,/home/pipebomb/.radisdb/CO-05_HITEMP2019.h5,0.1375350788016573,0.20180288881201608,0.0,1e-06,1.0,"1,2,3,4,5,6",1624978218.2494142,radis,39287.0,0.0,0.0,0.0,1.0,1.0,CO,CO_952_1587_39287,hapi,1.0,1000.0,"{'scaled_eq_lineshift': 0.007429838180541992, 'calc_lineshift': 0.0008671283721923828, 'calc_hwhm': 0.009433746337890625, 'init_vectors': 0.16379857063293457, 'voigt_broadening': 4.25896143913269, 'init_vectors_apply': 0.0944967269897461, 'get_matching_line': 0.0018944740295410156, 'aggregate__center_lines': 0.512732744216919, 'aggregate_wing_lines': 0.001953125, 'calc_line_broadening': 5.063713788986206, 'calc_other_spectral_quan': 0.0032501220703125, 'spectrum_calc_before_obj': 5.088720083236694}",0.0,0.9.29,boltzmann,1.0,X,1.0,39287.0,boltzmann,0.01,0.01,1586.8689137208794,1596.8689137208794,952.1213717646444,942.1213717646444,cm-1,0.01,63676.0
20210629_Tvib300K_Trot300K_50.spec,300.0,296.0,300.0,300.0,22.0,voigt,5.6,0.0,1.0,hitemp-radisdb,/home/pipebomb/.radisdb/CO-05_HITEMP2019.h5,0.1375350788016573,0.20180288881201608,0.0,1e-06,1.0,"1,2,3,4,5,6",1624978224.5529,radis,39287.0,0.0,0.0,0.0,1.0,1.0,CO,CO_952_1587_39287,hapi,1.0,1000.0,"{'scaled_eq_lineshift': 0.0073375701904296875, 'calc_lineshift': 0.0008656978607177734, 'calc_hwhm': 0.009014368057250977, 'init_vectors': 0.1808488368988037, 'voigt_broadening': 4.715776443481445, 'init_vectors_apply': 0.10468673706054688, 'get_matching_line': 0.001857757568359375, 'aggregate__center_lines': 0.5345373153686523, 'aggregate_wing_lines': 0.0016930103302001953, 'calc_line_broadening': 5.5723350048065186, 'calc_other_spectral_quan': 0.0032939910888671875, 'spectrum_calc_before_obj': 5.597017288208008}",0.0,0.9.29,boltzmann,1.0,X,1.0,39287.0,boltzmann,0.01,0.01,1586.8689137208794,1597.8689137208794,952.1213717646444,941.1213717646444,cm-1,0.01,63676.0
20210629_Tvib300K_Trot300K_51.spec,300.0,296.0,300.0,300.0,24.0,voigt,6.05,0.0,1.0,hitemp-radisdb,/home/pipebomb/.radisdb/CO-05_HITEMP2019.h5,0.1375350788016573,0.20180288881201608,0.0,1e-06,1.0,"1,2,3,4,5,6",1624978231.308353,radis,39287.0,0.0,0.0,0.0,1.0,1.0,CO,CO_952_1587_39287,hapi,1.0,1000.0,"{'scaled_eq_lineshift': 0.007563114166259766, 'calc_lineshift': 0.0008339881896972656, 'calc_hwhm': 0.009763002395629883, 'init_vectors': 0.20304369926452637, 'voigt_broadening': 5.107545375823975, 'init_vectors_apply': 0.11214041709899902, 'get_matching_line': 0.0019125938415527344, 'aggregate__center_lines': 0.567655086517334, 'aggregate_wing_lines': 0.0014493465423583984, 'calc_line_broadening': 6.029313087463379, 'calc_other_spectral_quan': 0.003395557403564453, 'spectrum_calc_before_obj': 6.05486798286438}",0.0,0.9.29,boltzmann,1.0,X,1.0,39287.0,boltzmann,0.01,0.01,1586.8689137208794,1598.8689137208794,952.1213717646444,940.1213717646444,cm-1,0.01,63676.0
20210629_Tvib300K_Trot300K_52.spec,300.0,296.0,300.0,300.0,26.0,voigt,6.57,0.0,1.0,hitemp-radisdb,/home/pipebomb/.radisdb/CO-05_HITEMP2019.h5,0.1375350788016573,0.20180288881201608,0.0,1e-06,1.0,"1,2,3,4,5,6",1624978238.5797682,radis,39287.0,0.0,0.0,0.0,1.0,1.0,CO,CO_952_1587_39287,hapi,1.0,1000.0,"{'scaled_eq_lineshift': 0.0072481632232666016, 'calc_lineshift': 0.0008447170257568359, 'calc_hwhm': 0.009369611740112305, 'init_vectors': 0.21166038513183594, 'voigt_broadening': 5.575072765350342, 'init_vectors_apply': 0.12444567680358887, 'get_matching_line': 0.0017881393432617188, 'aggregate__center_lines': 0.5943219661712646, 'aggregate_wing_lines': 0.001529693603515625, 'calc_line_broadening': 6.5469348430633545, 'calc_other_spectral_quan': 0.003261089324951172, 'spectrum_calc_before_obj': 6.571835041046143}",0.0,0.9.29,boltzmann,1.0,X,1.0,39287.0,boltzmann,0.01,0.01,1586.8689137208794,1599.8689137208794,952.1213717646444,939.1213717646444,cm-1,0.01,63676.0
20210629_Tvib300K_Trot300K_53.spec,300.0,296.0,300.0,300.0,28.0,voigt,7.06,0.0,1.0,hitemp-radisdb,/home/pipebomb/.radisdb/CO-05_HITEMP2019.h5,0.1375350788016573,0.20180288881201608,0.0,1e-06,1.0,"1,2,3,4,5,6",1624978246.3431478,radis,39287.0,0.0,0.0,0.0,1.0,1.0,CO,CO_952_1587_39287,hapi,1.0,1000.0,"{'scaled_eq_lineshift': 0.0074918270111083984, 'calc_lineshift': 0.0007767677307128906, 'calc_hwhm': 0.009790658950805664, 'init_vectors': 0.23365354537963867, 'voigt_broadening': 5.987718105316162, 'init_vectors_apply': 0.1319117546081543, 'get_matching_line': 0.001949310302734375, 'aggregate__center_lines': 0.6359095573425293, 'aggregate_wing_lines': 0.0014469623565673828, 'calc_line_broadening': 7.034655332565308, 'calc_other_spectral_quan': 0.0032854080200195312, 'spectrum_calc_before_obj': 7.060490131378174}",0.0,0.9.29,boltzmann,1.0,X,1.0,39287.0,boltzmann,0.01,0.01,1586.8689137208794,1600.8689137208794,952.1213717646444,938.1213717646444,cm-1,0.01,63676.0
20210629_Tvib300K_Trot300K_54.spec,300.0,296.0,300.0,300.0,30.0,voigt,7.59,0.0,1.0,hitemp-radisdb,/home/pipebomb/.radisdb/CO-05_HITEMP2019.h5,0.1375350788016573,0.20180288881201608,0.0,1e-06,1.0,"1,2,3,4,5,6",1624978254.6344893,radis,39287.0,0.0,0.0,0.0,1.0,1.0,CO,CO_952_1587_39287,hapi,1.0,1000.0,"{'scaled_eq_lineshift': 0.007457256317138672, 'calc_lineshift': 0.0007889270782470703, 'calc_hwhm': 0.00988912582397461, 'init_vectors': 0.2579920291900635, 'voigt_broadening': 6.4671876430511475, 'init_vectors_apply': 0.14128899574279785, 'get_matching_line': 0.0019741058349609375, 'aggregate__center_lines': 0.6479263305664062, 'aggregate_wing_lines': 0.0017170906066894531, 'calc_line_broadening': 7.560917377471924, 'calc_other_spectral_quan': 0.003275156021118164, 'spectrum_calc_before_obj': 7.586628437042236}",0.0,0.9.29,boltzmann,1.0,X,1.0,39287.0,boltzmann,0.01,0.01,1586.8689137208794,1601.8689137208794,952.1213717646444,937.1213717646444,cm-1,0.01,63676.0
20210629_Tvib300K_Trot300K_55.spec,300.0,296.0,300.0,300.0,32.0,voigt,7.99,0.0,1.0,hitemp-radisdb,/home/pipebomb/.radisdb/CO-05_HITEMP2019.h5,0.1375350788016573,0.20180288881201608,0.0,1e-06,1.0,"1,2,3,4,5,6",1624978263.3258033,radis,39287.0,0.0,0.0,0.0,1.0,1.0,CO,CO_952_1587_39287,hapi,1.0,1000.0,"{'scaled_eq_lineshift': 0.007450580596923828, 'calc_lineshift': 0.0009033679962158203, 'calc_hwhm': 0.010071992874145508, 'init_vectors': 0.2627890110015869, 'voigt_broadening': 6.81605076789856, 'init_vectors_apply': 0.14989447593688965, 'get_matching_line': 0.0019390583038330078, 'aggregate__center_lines': 0.6838457584381104, 'aggregate_wing_lines': 0.0016064643859863281, 'calc_line_broadening': 7.961519241333008, 'calc_other_spectral_quan': 0.0034635066986083984, 'spectrum_calc_before_obj': 7.987848520278931}",0.0,0.9.29,boltzmann,1.0,X,1.0,39287.0,boltzmann,0.01,0.01,1586.8689137208794,1602.8689137208794,952.1213717646444,936.1213717646444,cm-1,0.01,63676.0
20210629_Tvib300K_Trot300K_56.spec,300.0,296.0,300.0,300.0,34.0,voigt,8.53,0.0,1.0,hitemp-radisdb,/home/pipebomb/.radisdb/CO-05_HITEMP2019.h5,0.1375350788016573,0.20180288881201608,0.0,1e-06,1.0,"1,2,3,4,5,6",1624978272.561078,radis,39287.0,0.0,0.0,0.0,1.0,1.0,CO,CO_952_1587_39287,hapi,1.0,1000.0,"{'scaled_eq_lineshift': 0.006993293762207031, 'calc_lineshift': 0.0009086132049560547, 'calc_hwhm': 0.009764671325683594, 'init_vectors': 0.2817666530609131, 'voigt_broadening': 7.290798664093018, 'init_vectors_apply': 0.1594533920288086, 'get_matching_line': 0.001934051513671875, 'aggregate__center_lines': 0.7172715663909912, 'aggregate_wing_lines': 0.0018115043640136719, 'calc_line_broadening': 8.501869440078735, 'calc_other_spectral_quan': 0.003461599349975586, 'spectrum_calc_before_obj': 8.527653694152832}",0.0,0.9.29,boltzmann,1.0,X,1.0,39287.0,boltzmann,0.01,0.01,1586.8689137208794,1603.8689137208794,952.1213717646444,935.1213717646444,cm-1,0.01,63676.0
20210629_Tvib300K_Trot300K_57.spec,300.0,296.0,300.0,300.0,36.0,voigt,9.06,0.0,1.0,hitemp-radisdb,/home/pipebomb/.radisdb/CO-05_HITEMP2019.h5,0.1375350788016573,0.20180288881201608,0.0,1e-06,1.0,"1,2,3,4,5,6",1624978282.3363142,radis,39287.0,0.0,0.0,0.0,1.0,1.0,CO,CO_952_1587_39287,hapi,1.0,1000.0,"{'scaled_eq_lineshift': 0.007107734680175781, 'calc_lineshift': 0.0007951259613037109, 'calc_hwhm': 0.008959531784057617, 'init_vectors': 0.29174327850341797, 'voigt_broadening': 7.776638984680176, 'init_vectors_apply': 0.16963839530944824, 'get_matching_line': 0.0020112991333007812, 'aggregate__center_lines': 0.7433550357818604, 'aggregate_wing_lines': 0.0018565654754638672, 'calc_line_broadening': 9.035643100738525, 'calc_other_spectral_quan': 0.0037670135498046875, 'spectrum_calc_before_obj': 9.060393333435059}",0.0,0.9.29,boltzmann,1.0,X,1.0,39287.0,boltzmann,0.01,0.01,1586.8689137208794,1604.8689137208794,952.1213717646444,934.1213717646444,cm-1,0.01,63676.0
20210629_Tvib300K_Trot300K_58.spec,300.0,296.0,300.0,300.0,38.0,voigt,10.08,0.0,1.0,hitemp-radisdb,/home/pipebomb/.radisdb/CO-05_HITEMP2019.h5,0.1375350788016573,0.20180288881201608,0.0,1e-06,1.0,"1,2,3,4,5,6",1624978293.1474736,radis,39287.0,0.0,0.0,0.0,1.0,1.0,CO,CO_952_1587_39287,hapi,1.0,1000.0,"{'scaled_eq_lineshift': 0.007192850112915039, 'calc_lineshift': 0.0008552074432373047, 'calc_hwhm': 0.009229660034179688, 'init_vectors': 0.3198065757751465, 'voigt_broadening': 8.524518489837646, 'init_vectors_apply': 0.23222017288208008, 'get_matching_line': 0.0018661022186279297, 'aggregate__center_lines': 0.9208199977874756, 'aggregate_wing_lines': 0.0017290115356445312, 'calc_line_broadening': 10.054840087890625, 'calc_other_spectral_quan': 0.0034868717193603516, 'spectrum_calc_before_obj': 10.080133199691772}",0.0,0.9.29,boltzmann,1.0,X,1.0,39287.0,boltzmann,0.01,0.01,1586.8689137208794,1605.8689137208794,952.1213717646444,933.1213717646444,cm-1,0.01,63676.0
20210629_Tvib300K_Trot300K_59.spec,300.0,296.0,300.0,300.0,40.0,voigt,10.39,0.0,1.0,hitemp-radisdb,/home/pipebomb/.radisdb/CO-05_HITEMP2019.h5,0.1375350788016573,0.20180288881201608,0.0,1e-06,1.0,"1,2,3,4,5,6",1624978304.310609,radis,39287.0,0.0,0.0,0.0,1.0,1.0,CO,CO_952_1587_39287,hapi,1.0,1000.0,"{'scaled_eq_lineshift': 0.007544279098510742, 'calc_lineshift': 0.0009057521820068359, 'calc_hwhm': 0.010616302490234375, 'init_vectors': 0.332988977432251, 'voigt_broadening': 8.93527364730835, 'init_vectors_apply': 0.1922013759613037, 'get_matching_line': 0.002901315689086914, 'aggregate__center_lines': 0.844151496887207, 'aggregate_wing_lines': 0.001811981201171875, 'calc_line_broadening': 10.364430665969849, 'calc_other_spectral_quan': 0.003649473190307617, 'spectrum_calc_before_obj': 10.39156723022461}",0.0,0.9.29,boltzmann,1.0,X,1.0,39287.0,boltzmann,0.01,0.01,1586.8689137208794,1606.8689137208794,952.1213717646444,932.1213717646444,cm-1,0.01,63676.0
20210629_Tvib300K_Trot300K_60.spec,300.0,296.0,300.0,300.0,42.0,voigt,10.72,0.0,1.0,hitemp-radisdb,/home/pipebomb/.radisdb/CO-05_HITEMP2019.h5,0.1375350788016573,0.20180288881201608,0.0,1e-06,1.0,"1,2,3,4,5,6",1624978315.7617254,radis,39287.0,0.0,0.0,0.0,1.0,1.0,CO,CO_952_1587_39287,hapi,1.0,1000.0,"{'scaled_eq_lineshift': 0.007355928421020508, 'calc_lineshift': 0.0009005069732666016, 'calc_hwhm': 0.009537220001220703, 'init_vectors': 0.35381484031677246, 'voigt_broadening': 9.22970199584961, 'init_vectors_apply': 0.2018876075744629, 'get_matching_line': 0.0019769668579101562, 'aggregate__center_lines': 0.8430306911468506, 'aggregate_wing_lines': 0.0022237300872802734, 'calc_line_broadening': 10.691848516464233, 'calc_other_spectral_quan': 0.003556489944458008, 'spectrum_calc_before_obj': 10.717260122299194}",0.0,0.9.29,boltzmann,1.0,X,1.0,39287.0,boltzmann,0.01,0.01,1586.8689137208794,1607.8689137208794,952.1213717646444,931.1213717646444,cm-1,0.01,63676.0
20210629_Tvib300K_Trot300K_61.spec,300.0,296.0,300.0,300.0,44.0,voigt,11.29,0.0,1.0,hitemp-radisdb,/home/pipebomb/.radisdb/CO-05_HITEMP2019.h5,0.1375350788016573,0.20180288881201608,0.0,1e-06,1.0,"1,2,3,4,5,6",1624978327.7728016,radis,39287.0,0.0,0.0,0.0,1.0,1.0,CO,CO_952_1587_39287,hapi,1.0,1000.0,"{'scaled_eq_lineshift': 0.007266521453857422, 'calc_lineshift': 0.0008833408355712891, 'calc_hwhm': 0.009782552719116211, 'init_vectors': 0.3587453365325928, 'voigt_broadening': 9.731750965118408, 'init_vectors_apply': 0.21952295303344727, 'get_matching_line': 0.0021834373474121094, 'aggregate__center_lines': 0.8914289474487305, 'aggregate_wing_lines': 0.002303600311279297, 'calc_line_broadening': 11.26773738861084, 'calc_other_spectral_quan': 0.0038199424743652344, 'spectrum_calc_before_obj': 11.293522357940674}",0.0,0.9.29,boltzmann,1.0,X,1.0,39287.0,boltzmann,0.01,0.01,1586.8689137208794,1608.8689137208794,952.1213717646444,930.1213717646444,cm-1,0.01,63676.0
20210629_Tvib300K_Trot300K_62.spec,300.0,296.0,300.0,300.0,46.0,voigt,11.6,0.0,1.0,hitemp-radisdb,/home/pipebomb/.radisdb/CO-05_HITEMP2019.h5,0.1375350788016573,0.20180288881201608,0.0,1e-06,1.0,"1,2,3,4,5,6",1624978340.1078556,radis,39287.0,0.0,0.0,0.0,1.0,1.0,CO,CO_952_1587_39287,hapi,1.0,1000.0,"{'scaled_eq_lineshift': 0.007371187210083008, 'calc_lineshift': 0.0010521411895751953, 'calc_hwhm': 0.010448932647705078, 'init_vectors': 0.4048480987548828, 'voigt_broadening': 9.95467472076416, 'init_vectors_apply': 0.2166898250579834, 'get_matching_line': 0.0019431114196777344, 'aggregate__center_lines': 0.9292023181915283, 'aggregate_wing_lines': 0.0022084712982177734, 'calc_line_broadening': 11.571261405944824, 'calc_other_spectral_quan': 0.003543376922607422, 'spectrum_calc_before_obj': 11.597856283187866}",0.0,0.9.29,boltzmann,1.0,X,1.0,39287.0,boltzmann,0.01,0.01,1586.8689137208794,1609.8689137208794,952.1213717646444,929.1213717646444,cm-1,0.01,63676.0
20210629_Tvib300K_Trot300K_63.spec,300.0,296.0,300.0,300.0,48.0,voigt,11.96,0.0,1.0,hitemp-radisdb,/home/pipebomb/.radisdb/CO-05_HITEMP2019.h5,0.1375350788016573,0.20180288881201608,0.0,1e-06,1.0,"1,2,3,4,5,6",1624978352.8108833,radis,39287.0,0.0,0.0,0.0,1.0,1.0,CO,CO_952_1587_39287,hapi,1.0,1000.0,"{'scaled_eq_lineshift': 0.007658243179321289, 'calc_lineshift': 0.0009126663208007812, 'calc_hwhm': 0.00966954231262207, 'init_vectors': 0.39517903327941895, 'voigt_broadening': 10.301608324050903, 'init_vectors_apply': 0.22284293174743652, 'get_matching_line': 0.0018572807312011719, 'aggregate__center_lines': 0.949751615524292, 'aggregate_wing_lines': 0.0022563934326171875, 'calc_line_broadening': 11.93700385093689, 'calc_other_spectral_quan': 0.003574371337890625, 'spectrum_calc_before_obj': 11.963344812393188}",0.0,0.9.29,boltzmann,1.0,X,1.0,39287.0,boltzmann,0.01,0.01,1586.8689137208794,1610.8689137208794,952.1213717646444,928.1213717646444,cm-1,0.01,63676.0
20210629_Tvib300K_Trot300K_64.spec,300.0,296.0,300.0,300.0,50.0,voigt,12.91,0.0,1.0,hitemp-radisdb,/home/pipebomb/.radisdb/CO-05_HITEMP2019.h5,0.1375350788016573,0.20180288881201608,0.0,1e-06,1.0,"1,2,3,4,5,6",1624978366.4538414,radis,39287.0,0.0,0.0,0.0,1.0,1.0,CO,CO_952_1587_39287,hapi,1.0,1000.0,"{'scaled_eq_lineshift': 0.007666110992431641, 'calc_lineshift': 0.0009133815765380859, 'calc_hwhm': 0.009431838989257812, 'init_vectors': 0.41640305519104004, 'voigt_broadening': 11.200692892074585, 'init_vectors_apply': 0.2328653335571289, 'get_matching_line': 0.0020139217376708984, 'aggregate__center_lines': 0.9671695232391357, 'aggregate_wing_lines': 0.002409696578979492, 'calc_line_broadening': 12.887709140777588, 'calc_other_spectral_quan': 0.0035517215728759766, 'spectrum_calc_before_obj': 12.913698673248291}",0.0,0.9.29,boltzmann,1.0,X,1.0,39287.0,boltzmann,0.01,0.01,1586.8689137208794,1611.8689137208794,952.1213717646444,927.1213717646444,cm-1,0.01,63676.0
20210629_Tvib300K_Trot300K_65.spec,300.0,296.0,300.0,300.0,1.0,voigt,2.16,0.0,1.0,hitemp-radisdb,/home/pipebomb/.radisdb/CO-05_HITEMP2019.h5,0.1375350788016573,0.20180288881201608,0.0,1e-06,1.0,"1,2,3,4,5,6",1624979493.4926364,radis,186498.0,0.0,0.0,0.0,1.0,1.0,CO,CO_488_4347_186498,hapi,1.0,1000.0,"{'scaled_eq_lineshift': 0.01700878143310547, 'calc_lineshift': 0.0012905597686767578, 'calc_hwhm': 0.018603086471557617, 'init_vectors': 0.0437619686126709, 'voigt_broadening': 0.9280619621276855, 'init_vectors_apply': 0.02632880210876465, 'get_matching_line': 0.009860038757324219, 'aggregate__center_lines': 1.065321445465088, 'aggregate_wing_lines': 0.002895832061767578, 'calc_line_broadening': 2.0822179317474365, 'calc_other_spectral_quan': 0.020286083221435547, 'spectrum_calc_before_obj': 2.1649255752563477}",0.0,0.9.29,boltzmann,1.0,X,1.0,186498.0,boltzmann,0.01,0.01,4346.639844334266,4347.139844334266,487.67192712355757,487.17192712355757,cm-1,0.01,385998.0
20210629_Tvib300K_Trot300K_66.spec,300.0,296.0,300.0,300.0,2.0,voigt,3.32,0.0,1.0,hitemp-radisdb,/home/pipebomb/.radisdb/CO-05_HITEMP2019.h5,0.1375350788016573,0.20180288881201608,0.0,1e-06,1.0,"1,2,3,4,5,6",1624979501.1164494,radis,186498.0,0.0,0.0,0.0,1.0,1.0,CO,CO_488_4347_186498,hapi,1.0,1000.0,"{'scaled_eq_lineshift': 0.012354612350463867, 'calc_lineshift': 0.0014052391052246094, 'calc_hwhm': 0.01990652084350586, 'init_vectors': 0.09001684188842773, 'voigt_broadening': 1.8773210048675537, 'init_vectors_apply': 0.051836252212524414, 'get_matching_line': 0.011368274688720703, 'aggregate__center_lines': 1.205712080001831, 'aggregate_wing_lines': 0.0015234947204589844, 'calc_line_broadening': 3.247919797897339, 'calc_other_spectral_quan': 0.01590704917907715, 'spectrum_calc_before_obj': 3.3190736770629883}",0.0,0.9.29,boltzmann,1.0,X,1.0,186498.0,boltzmann,0.01,0.01,4346.639844334266,4347.639844334266,487.67192712355757,486.67192712355757,cm-1,0.01,385998.0
20210629_Tvib300K_Trot300K_67.spec,300.0,296.0,300.0,300.0,3.0,voigt,4.36,0.0,1.0,hitemp-radisdb,/home/pipebomb/.radisdb/CO-05_HITEMP2019.h5,0.1375350788016573,0.20180288881201608,0.0,1e-06,1.0,"1,2,3,4,5,6",1624979509.8848321,radis,186498.0,0.0,0.0,0.0,1.0,1.0,CO,CO_488_4347_186498,hapi,1.0,1000.0,"{'scaled_eq_lineshift': 0.01595926284790039, 'calc_lineshift': 0.0020606517791748047, 'calc_hwhm': 0.01985001564025879, 'init_vectors': 0.13651204109191895, 'voigt_broadening': 2.8523364067077637, 'init_vectors_apply': 0.0733327865600586, 'get_matching_line': 0.010597944259643555, 'aggregate__center_lines': 1.190676212310791, 'aggregate_wing_lines': 0.0015869140625, 'calc_line_broadening': 4.279666185379028, 'calc_other_spectral_quan': 0.016366243362426758, 'spectrum_calc_before_obj': 4.356983184814453}",0.0,0.9.29,boltzmann,1.0,X,1.0,186498.0,boltzmann,0.01,0.01,4346.639844334266,4348.139844334266,487.67192712355757,486.17192712355757,cm-1,0.01,385998.0
20210629_Tvib300K_Trot300K_68.spec,300.0,296.0,300.0,300.0,4.0,voigt,5.57,0.0,1.0,hitemp-radisdb,/home/pipebomb/.radisdb/CO-05_HITEMP2019.h5,0.1375350788016573,0.20180288881201608,0.0,1e-06,1.0,"1,2,3,4,5,6",1624979519.6176963,radis,186498.0,0.0,0.0,0.0,1.0,1.0,CO,CO_488_4347_186498,hapi,1.0,1000.0,"{'scaled_eq_lineshift': 0.011862754821777344, 'calc_lineshift': 0.0011303424835205078, 'calc_hwhm': 0.016654491424560547, 'init_vectors': 0.1734180450439453, 'voigt_broadening': 3.933217763900757, 'init_vectors_apply': 0.09566521644592285, 'get_matching_line': 0.010025978088378906, 'aggregate__center_lines': 1.273521900177002, 'aggregate_wing_lines': 0.0022475719451904297, 'calc_line_broadening': 5.50764799118042, 'calc_other_spectral_quan': 0.016185760498046875, 'spectrum_calc_before_obj': 5.574389934539795}",0.0,0.9.29,boltzmann,1.0,X,1.0,186498.0,boltzmann,0.01,0.01,4346.639844334266,4348.639844334266,487.67192712355757,485.67192712355757,cm-1,0.01,385998.0
20210629_Tvib300K_Trot300K_69.spec,300.0,296.0,300.0,300.0,5.0,voigt,6.75,0.0,1.0,hitemp-radisdb,/home/pipebomb/.radisdb/CO-05_HITEMP2019.h5,0.1375350788016573,0.20180288881201608,0.0,1e-06,1.0,"1,2,3,4,5,6",1624979530.6912298,radis,186498.0,0.0,0.0,0.0,1.0,1.0,CO,CO_488_4347_186498,hapi,1.0,1000.0,"{'scaled_eq_lineshift': 0.012225627899169922, 'calc_lineshift': 0.001138448715209961, 'calc_hwhm': 0.01775336265563965, 'init_vectors': 0.22036147117614746, 'voigt_broadening': 4.9719743728637695, 'init_vectors_apply': 0.11714291572570801, 'get_matching_line': 0.009166240692138672, 'aggregate__center_lines': 1.3356702327728271, 'aggregate_wing_lines': 0.0016226768493652344, 'calc_line_broadening': 6.6786651611328125, 'calc_other_spectral_quan': 0.016698837280273438, 'spectrum_calc_before_obj': 6.752361297607422}",0.0,0.9.29,boltzmann,1.0,X,1.0,186498.0,boltzmann,0.01,0.01,4346.639844334266,4349.139844334266,487.67192712355757,485.17192712355757,cm-1,0.01,385998.0
20210629_Tvib300K_Trot300K_70.spec,300.0,296.0,300.0,300.0,6.0,voigt,8.0,0.0,1.0,hitemp-radisdb,/home/pipebomb/.radisdb/CO-05_HITEMP2019.h5,0.1375350788016573,0.20180288881201608,0.0,1e-06,1.0,"1,2,3,4,5,6",1624979542.7612612,radis,186498.0,0.0,0.0,0.0,1.0,1.0,CO,CO_488_4347_186498,hapi,1.0,1000.0,"{'scaled_eq_lineshift': 0.011761665344238281, 'calc_lineshift': 0.001180410385131836, 'calc_hwhm': 0.01784062385559082, 'init_vectors': 0.25378966331481934, 'voigt_broadening': 6.071479558944702, 'init_vectors_apply': 0.13927721977233887, 'get_matching_line': 0.009653568267822266, 'aggregate__center_lines': 1.4341075420379639, 'aggregate_wing_lines': 0.0016849040985107422, 'calc_line_broadening': 7.936694860458374, 'calc_other_spectral_quan': 0.014966011047363281, 'spectrum_calc_before_obj': 8.00276517868042}",0.0,0.9.29,boltzmann,1.0,X,1.0,186498.0,boltzmann,0.01,0.01,4346.639844334266,4349.639844334266,487.67192712355757,484.67192712355757,cm-1,0.01,385998.0
20210629_Tvib300K_Trot300K_71.spec,300.0,296.0,300.0,300.0,7.0,voigt,9.08,0.0,1.0,hitemp-radisdb,/home/pipebomb/.radisdb/CO-05_HITEMP2019.h5,0.1375350788016573,0.20180288881201608,0.0,1e-06,1.0,"1,2,3,4,5,6",1624979555.9758644,radis,186498.0,0.0,0.0,0.0,1.0,1.0,CO,CO_488_4347_186498,hapi,1.0,1000.0,"{'scaled_eq_lineshift': 0.013988256454467773, 'calc_lineshift': 0.0014345645904541016, 'calc_hwhm': 0.017269134521484375, 'init_vectors': 0.2981410026550293, 'voigt_broadening': 7.0622663497924805, 'init_vectors_apply': 0.16317987442016602, 'get_matching_line': 0.010233640670776367, 'aggregate__center_lines': 1.4453694820404053, 'aggregate_wing_lines': 0.0015323162078857422, 'calc_line_broadening': 9.011290073394775, 'calc_other_spectral_quan': 0.016312122344970703, 'spectrum_calc_before_obj': 9.081997156143188}",0.0,0.9.29,boltzmann,1.0,X,1.0,186498.0,boltzmann,0.01,0.01,4346.639844334266,4350.139844334266,487.67192712355757,484.17192712355757,cm-1,0.01,385998.0
20210629_Tvib300K_Trot300K_72.spec,300.0,296.0,300.0,300.0,8.0,voigt,10.45,0.0,1.0,hitemp-radisdb,/home/pipebomb/.radisdb/CO-05_HITEMP2019.h5,0.1375350788016573,0.20180288881201608,0.0,1e-06,1.0,"1,2,3,4,5,6",1624979570.5111277,radis,186498.0,0.0,0.0,0.0,1.0,1.0,CO,CO_488_4347_186498,hapi,1.0,1000.0,"{'scaled_eq_lineshift': 0.012248516082763672, 'calc_lineshift': 0.0010485649108886719, 'calc_hwhm': 0.016199827194213867, 'init_vectors': 0.3428490161895752, 'voigt_broadening': 8.285163640975952, 'init_vectors_apply': 0.18949294090270996, 'get_matching_line': 0.009690523147583008, 'aggregate__center_lines': 1.5185809135437012, 'aggregate_wing_lines': 0.0016045570373535156, 'calc_line_broadening': 10.382862091064453, 'calc_other_spectral_quan': 0.01664423942565918, 'spectrum_calc_before_obj': 10.449610710144043}",0.0,0.9.29,boltzmann,1.0,X,1.0,186498.0,boltzmann,0.01,0.01,4346.639844334266,4350.639844334266,487.67192712355757,483.67192712355757,cm-1,0.01,385998.0
20210629_Tvib300K_Trot300K_73.spec,300.0,296.0,300.0,300.0,9.0,voigt,11.62,0.0,1.0,hitemp-radisdb,/home/pipebomb/.radisdb/CO-05_HITEMP2019.h5,0.1375350788016573,0.20180288881201608,0.0,1e-06,1.0,"1,2,3,4,5,6",1624979586.2950149,radis,186498.0,0.0,0.0,0.0,1.0,1.0,CO,CO_488_4347_186498,hapi,1.0,1000.0,"{'scaled_eq_lineshift': 0.013436079025268555, 'calc_lineshift': 0.0011675357818603516, 'calc_hwhm': 0.017960786819458008, 'init_vectors': 0.38103270530700684, 'voigt_broadening': 9.253644466400146, 'init_vectors_apply': 0.2111668586730957, 'get_matching_line': 0.009786367416381836, 'aggregate__center_lines': 1.6508164405822754, 'aggregate_wing_lines': 0.0017070770263671875, 'calc_line_broadening': 11.547667264938354, 'calc_other_spectral_quan': 0.015743017196655273, 'spectrum_calc_before_obj': 11.617229223251343}",0.0,0.9.29,boltzmann,1.0,X,1.0,186498.0,boltzmann,0.01,0.01,4346.639844334266,4351.139844334266,487.67192712355757,483.17192712355757,cm-1,0.01,385998.0
20210629_Tvib300K_Trot300K_74.spec,300.0,296.0,300.0,300.0,10.0,voigt,12.7,0.0,1.0,hitemp-radisdb,/home/pipebomb/.radisdb/CO-05_HITEMP2019.h5,0.1375350788016573,0.20180288881201608,0.0,1e-06,1.0,"1,2,3,4,5,6",1624979603.2274761,radis,186498.0,0.0,0.0,0.0,1.0,1.0,CO,CO_488_4347_186498,hapi,1.0,1000.0,"{'scaled_eq_lineshift': 0.012569189071655273, 'calc_lineshift': 0.001135110855102539, 'calc_hwhm': 0.019160032272338867, 'init_vectors': 0.4306752681732178, 'voigt_broadening': 10.240798234939575, 'init_vectors_apply': 0.23424172401428223, 'get_matching_line': 0.009139299392700195, 'aggregate__center_lines': 1.6680610179901123, 'aggregate_wing_lines': 0.001737833023071289, 'calc_line_broadening': 12.627948999404907, 'calc_other_spectral_quan': 0.0157778263092041, 'spectrum_calc_before_obj': 12.701093912124634}",0.0,0.9.29,boltzmann,1.0,X,1.0,186498.0,boltzmann,0.01,0.01,4346.639844334266,4351.639844334266,487.67192712355757,482.67192712355757,cm-1,0.01,385998.0
20210629_Tvib300K_Trot300K_75.spec,300.0,296.0,300.0,300.0,11.0,voigt,13.79,0.0,1.0,hitemp-radisdb,/home/pipebomb/.radisdb/CO-05_HITEMP2019.h5,0.1375350788016573,0.20180288881201608,0.0,1e-06,1.0,"1,2,3,4,5,6",1624979621.1884513,radis,186498.0,0.0,0.0,0.0,1.0,1.0,CO,CO_488_4347_186498,hapi,1.0,1000.0,"{'scaled_eq_lineshift': 0.012240171432495117, 'calc_lineshift': 0.0011260509490966797, 'calc_hwhm': 0.017037630081176758, 'init_vectors': 0.45778608322143555, 'voigt_broadening': 11.222403526306152, 'init_vectors_apply': 0.2595863342285156, 'get_matching_line': 0.009505033493041992, 'aggregate__center_lines': 1.7196567058563232, 'aggregate_wing_lines': 0.0018887519836425781, 'calc_line_broadening': 13.718394756317139, 'calc_other_spectral_quan': 0.016694068908691406, 'spectrum_calc_before_obj': 13.78622555732727}",0.0,0.9.29,boltzmann,1.0,X,1.0,186498.0,boltzmann,0.01,0.01,4346.639844334266,4352.139844334266,487.67192712355757,482.17192712355757,cm-1,0.01,385998.0
20210629_Tvib300K_Trot300K_76.spec,300.0,296.0,300.0,300.0,12.0,voigt,15.07,0.0,1.0,hitemp-radisdb,/home/pipebomb/.radisdb/CO-05_HITEMP2019.h5,0.1375350788016573,0.20180288881201608,0.0,1e-06,1.0,"1,2,3,4,5,6",1624979640.3804426,radis,186498.0,0.0,0.0,0.0,1.0,1.0,CO,CO_488_4347_186498,hapi,1.0,1000.0,"{'scaled_eq_lineshift': 0.01204824447631836, 'calc_lineshift': 0.0011115074157714844, 'calc_hwhm': 0.016986370086669922, 'init_vectors': 0.501436710357666, 'voigt_broadening': 12.347854852676392, 'init_vectors_apply': 0.279268741607666, 'get_matching_line': 0.00938868522644043, 'aggregate__center_lines': 1.8117539882659912, 'aggregate_wing_lines': 0.0017294883728027344, 'calc_line_broadening': 15.003814220428467, 'calc_other_spectral_quan': 0.015181303024291992, 'spectrum_calc_before_obj': 15.070923328399658}",0.0,0.9.29,boltzmann,1.0,X,1.0,186498.0,boltzmann,0.01,0.01,4346.639844334266,4352.639844334266,487.67192712355757,481.67192712355757,cm-1,0.01,385998.0
