Index,file,DLM_Distribute_lines,DLM_Initialized_vectors,DLM_closest_matching_line,DLM_convolve,Spectral Points,Tgas,Tref,Trot,Tvib,_check_line_databank,_generate_wavenumber_arrays,add_at_used,broadening_max_width,broadening_method,calc_hwhm,calc_line_broadening,calc_lineshift,calc_other_spectral_quan,calculation_time,cutoff,db_use_cached,dbformat,dbpath,dlm_log_pG,dlm_log_pL,export_lines,folding_thresh,include_neighbouring_lines,isotope,last_modified,levelsfmt,lines_calculated,lines_cutoff,lines_in_continuum,load_energies,lvl_use_cached,mole_fraction,molecule,name,optimization,parfuncfmt,path_length,precompute_DLM_lineshapes,pressure_mbar,profiler,pseudo_continuum_threshold,radis_version,reinitialize,reinitialize_1,reinitialize_2,reinitialize_3,reinitialize_4,rot_distribution,scaled_eq_linestrength,self_absorption,spectrum_calc_before_obj,state,thermal_equilibrium,total_lines,vib_distribution,wG,wL,warning_broadening_threshold,warning_linestrength_cutoff,wavenum_max,wavenum_max_calc,wavenum_min,wavenum_min_calc,waveunit,wstep,zero_padding,Complexity_Voigt,Complexity_FFT
0,20210722_Tvib300K_Trot300K.spec,0.00046277046203600005,5.00679016113281e-06,0.0009319782257080001,0.013980388641358,5000.0,300,296,300,300,0.000347375869751,0.000679016113281,cython,300,fft,0.002844333648682,0.024588584899902,0.000717878341675,0.001242876052856,0.04,0,1,hitemp-radisdb,/home/pipebomb/.radisdb/CO-05_HITEMP2019.h5,0.13753507880165697,0.20180288881201602,0,1e-06,1,"1,2,3,4,5,6",1626963034.56201,radis,19238,0,0,0,1,1,CO,CO_5000_5100_19238_fft,simple,hapi,1,0.008910179138184,1000,"{'_check_line_databank': 0.00034737586975097656, 'reinitialize_1': 0.0007293224334716797, 'reinitialize_2': 1.1682510375976562e-05, 'reinitialize_3': 0.0013949871063232422, 'reinitialize_4': 3.218650817871094e-05, 'reinitialize': 0.0021736621856689453, 'scaled_eq_linestrength': 0.0058746337890625, 'calc_lineshift': 0.0007178783416748047, 'calc_hwhm': 0.0028443336486816406, '_generate_wavenumber_arrays': 0.00067901611328125, 'precompute_DLM_lineshapes': 0.008910179138183594, 'DLM_Initialized_vectors': 5.0067901611328125e-06, 'DLM_closest_matching_line': 0.0009319782257080078, 'DLM_Distribute_lines': 0.0004627704620361328, 'DLM_convolve': 0.013980388641357422, 'calc_line_broadening': 0.024588584899902344, 'calc_other_spectral_quan': 0.0012428760528564453, 'spectrum_calc_before_obj': 0.03852057456970215}",0,0.9.29,0.002173662185669,0.000729322433472,1.16825103759766e-05,0.001394987106323,3.2186508178710904e-05,boltzmann,0.0058746337890630005,1,0.038520574569702,X,1,19238,boltzmann,3,5,0.01,0.01,5100,5250,5000,4850,cm-1,0.08,5003,341303415.9857385,681375.4553132991
1,20210722_Tvib300K_Trot300K_1.spec,0.000774383544922,1.59740447998047e-05,0.0012440681457519997,0.014685869216918999,5128.20512820513,300,296,300,300,0.00037193298339799997,0.0007176399230960001,cython,300,fft,0.002951860427856,0.030297994613648002,0.0007615089416499999,0.0009298324584960001,0.05,0,1,hitemp-radisdb,/home/pipebomb/.radisdb/CO-05_HITEMP2019.h5,0.13753507880165697,0.20180288881201602,0,1e-06,1,"1,2,3,4,5,6",1626963034.71001,radis,19238,0,0,0,1,1,CO,CO_5000_5100_19238_fft,simple,hapi,1,0.013334274291991998,1000,"{'_check_line_databank': 0.0003719329833984375, 'reinitialize_1': 0.0012755393981933594, 'reinitialize_2': 1.1920928955078125e-05, 'reinitialize_3': 0.0017733573913574219, 'reinitialize_4': 3.3855438232421875e-05, 'reinitialize': 0.003099679946899414, 'scaled_eq_linestrength': 0.01124429702758789, 'calc_lineshift': 0.0007615089416503906, 'calc_hwhm': 0.0029518604278564453, '_generate_wavenumber_arrays': 0.0007176399230957031, 'precompute_DLM_lineshapes': 0.013334274291992188, 'DLM_Initialized_vectors': 1.5974044799804688e-05, 'DLM_closest_matching_line': 0.0012440681457519531, 'DLM_Distribute_lines': 0.000774383544921875, 'DLM_convolve': 0.014685869216918945, 'calc_line_broadening': 0.03029799461364746, 'calc_other_spectral_quan': 0.0009298324584960938, 'spectrum_calc_before_obj': 0.05044221878051758}",0,0.9.29,0.0030996799468990003,0.001275539398193,1.19209289550781e-05,0.0017733573913570001,3.38554382324219e-05,boltzmann,0.011244297027588002,1,0.050442218780517994,X,1,19238,boltzmann,3,5,0.01,0.01,5100,5250,5000,4850,cm-1,0.078,5003,350677993.2075504,700923.9794379922
2,20210722_Tvib300K_Trot300K_2.spec,0.0007419586181639999,7.867813110351559e-06,0.00111722946167,0.002231359481812,5263.15789473684,300,296,300,300,0.000320196151733,0.00078821182251,cython,300,fft,0.003557205200195,0.013959169387817,0.000774145126343,0.000890016555786,0.03,0,1,hitemp-radisdb,/home/pipebomb/.radisdb/CO-05_HITEMP2019.h5,0.13753507880165697,0.20180288881201602,0,1e-06,1,"1,2,3,4,5,6",1626963034.84201,radis,19238,0,0,0,1,1,CO,CO_5000_5100_19238_fft,simple,hapi,1,0.009674787521362,1000,"{'_check_line_databank': 0.00032019615173339844, 'reinitialize_1': 0.0011730194091796875, 'reinitialize_2': 1.0967254638671875e-05, 'reinitialize_3': 0.0013647079467773438, 'reinitialize_4': 3.123283386230469e-05, 'reinitialize': 0.002584218978881836, 'scaled_eq_linestrength': 0.005899190902709961, 'calc_lineshift': 0.0007741451263427734, 'calc_hwhm': 0.0035572052001953125, '_generate_wavenumber_arrays': 0.0007882118225097656, 'precompute_DLM_lineshapes': 0.009674787521362305, 'DLM_Initialized_vectors': 7.867813110351562e-06, 'DLM_closest_matching_line': 0.0011172294616699219, 'DLM_Distribute_lines': 0.0007419586181640625, 'DLM_convolve': 0.0022313594818115234, 'calc_line_broadening': 0.013959169387817383, 'calc_other_spectral_quan': 0.0008900165557861328, 'spectrum_calc_before_obj': 0.028850555419921875}",0,0.9.29,0.002584218978882,0.00117301940918,1.09672546386719e-05,0.001364707946777,3.12328338623047e-05,boltzmann,0.005899190902710001,1,0.028850555419922,X,1,19238,boltzmann,3,5,0.01,0.01,5100,5250,5000,4850,cm-1,0.076,5003,360562584.2642522,721556.756699266
3,20210722_Tvib300K_Trot300K_3.spec,0.0009503364562989999,1.4305114746093803e-05,0.0011734962463380001,0.017458438873291,5405.40540540541,300,296,300,300,0.00033116340637199995,0.0006837844848630001,cython,300,fft,0.0036451816558840003,0.029031991958617998,0.000727415084839,0.001028537750244,0.04,0,1,hitemp-radisdb,/home/pipebomb/.radisdb/CO-05_HITEMP2019.h5,0.13753507880165697,0.20180288881201602,0,1e-06,1,"1,2,3,4,5,6",1626963034.99001,radis,19238,0,0,0,1,1,CO,CO_5000_5100_19238_fft,simple,hapi,1,0.009198427200317,1000,"{'_check_line_databank': 0.0003311634063720703, 'reinitialize_1': 0.001194000244140625, 'reinitialize_2': 1.1205673217773438e-05, 'reinitialize_3': 0.001352071762084961, 'reinitialize_4': 3.147125244140625e-05, 'reinitialize': 0.0025932788848876953, 'scaled_eq_linestrength': 0.005720376968383789, 'calc_lineshift': 0.0007274150848388672, 'calc_hwhm': 0.003645181655883789, '_generate_wavenumber_arrays': 0.0006837844848632812, 'precompute_DLM_lineshapes': 0.009198427200317383, 'DLM_Initialized_vectors': 1.430511474609375e-05, 'DLM_closest_matching_line': 0.0011734962463378906, 'DLM_Distribute_lines': 0.0009503364562988281, 'DLM_convolve': 0.017458438873291016, 'calc_line_broadening': 0.029031991958618164, 'calc_other_spectral_quan': 0.0010285377502441406, 'spectrum_calc_before_obj': 0.04384756088256836}",0,0.9.29,0.002593278884888,0.001194000244141,1.12056732177734e-05,0.001352071762085,3.14712524414062e-05,boltzmann,0.005720376968384,1,0.043847560882568,X,1,19238,boltzmann,3,5,0.01,0.01,5100,5250,5000,4850,cm-1,0.07400000000000001,5003,370999451.8713643,743364.7336550017
4,20210722_Tvib300K_Trot300K_4.spec,0.0008940696716310001,1.00135803222656e-05,0.0013861656188960002,0.019877910614014,5555.55555555556,300,296,300,300,0.000860214233398,0.000843048095703,cython,300,fft,0.003393650054932,0.032841444015503,0.0009541511535639998,0.000879764556885,0.05,0,1,hitemp-radisdb,/home/pipebomb/.radisdb/CO-05_HITEMP2019.h5,0.13753507880165697,0.20180288881201602,0,1e-06,1,"1,2,3,4,5,6",1626963035.14601,radis,19238,0,0,0,1,1,CO,CO_5000_5100_19238_fft,simple,hapi,1,0.010451316833496,1000,"{'_check_line_databank': 0.0008602142333984375, 'reinitialize_1': 0.0014722347259521484, 'reinitialize_2': 1.1920928955078125e-05, 'reinitialize_3': 0.0014600753784179688, 'reinitialize_4': 3.2901763916015625e-05, 'reinitialize': 0.0029823780059814453, 'scaled_eq_linestrength': 0.0065174102783203125, 'calc_lineshift': 0.0009541511535644531, 'calc_hwhm': 0.0033936500549316406, '_generate_wavenumber_arrays': 0.000843048095703125, 'precompute_DLM_lineshapes': 0.010451316833496094, 'DLM_Initialized_vectors': 1.0013580322265625e-05, 'DLM_closest_matching_line': 0.0013861656188964844, 'DLM_Distribute_lines': 0.0008940696716308594, 'DLM_convolve': 0.019877910614013672, 'calc_line_broadening': 0.03284144401550293, 'calc_other_spectral_quan': 0.0008797645568847656, 'spectrum_calc_before_obj': 0.049368858337402344}",0,0.9.29,0.002982378005981,0.001472234725952,1.19209289550781e-05,0.001460075378418,3.29017639160156e-05,boltzmann,0.006517410278319999,1,0.049368858337402,X,1,19238,boltzmann,3,5,0.01,0.01,5100,5250,5000,4850,cm-1,0.07200000000000001,5003,382035631.5128074,766449.2184065842
5,20210722_Tvib300K_Trot300K_5.spec,0.0009014606475830001,7.867813110351559e-06,0.00141167640686,0.019522905349732,5714.28571428572,300,296,300,300,0.000337362289429,0.000902891159058,cython,300,fft,0.0037963390350340006,0.031561136245728,0.000976324081421,0.0009465217590329999,0.05,0,1,hitemp-radisdb,/home/pipebomb/.radisdb/CO-05_HITEMP2019.h5,0.13753507880165697,0.20180288881201602,0,1e-06,1,"1,2,3,4,5,6",1626963035.29401,radis,19238,0,0,0,1,1,CO,CO_5000_5100_19238_fft,simple,hapi,1,0.009345769882202,1000,"{'_check_line_databank': 0.00033736228942871094, 'reinitialize_1': 0.0011887550354003906, 'reinitialize_2': 1.1205673217773438e-05, 'reinitialize_3': 0.001352071762084961, 'reinitialize_4': 3.123283386230469e-05, 'reinitialize': 0.002588510513305664, 'scaled_eq_linestrength': 0.005987644195556641, 'calc_lineshift': 0.0009763240814208984, 'calc_hwhm': 0.0037963390350341797, '_generate_wavenumber_arrays': 0.0009028911590576172, 'precompute_DLM_lineshapes': 0.009345769882202148, 'DLM_Initialized_vectors': 7.867813110351562e-06, 'DLM_closest_matching_line': 0.0014116764068603516, 'DLM_Distribute_lines': 0.0009014606475830078, 'DLM_convolve': 0.019522905349731445, 'calc_line_broadening': 0.03156113624572754, 'calc_other_spectral_quan': 0.0009465217590332031, 'spectrum_calc_before_obj': 0.04717588424682617}",0,0.9.29,0.002588510513306,0.0011887550354,1.12056732177734e-05,0.001352071762085,3.12328338623047e-05,boltzmann,0.005987644195556999,1,0.04717588424682599,X,1,19238,boltzmann,3,5,0.01,0.01,5100,5250,5000,4850,cm-1,0.07,5003,393723622.18140274,790923.3905408704
6,20210722_Tvib300K_Trot300K_6.spec,0.0008063316345210001,6.67572021484375e-06,0.001163721084595,0.019644021987915,5882.352941176469,300,296,300,300,0.00034141540527299997,0.0006628036499019998,cython,300,fft,0.0041043758392329995,0.030354738235474,0.000730037689209,0.000957250595093,0.05,0,1,hitemp-radisdb,/home/pipebomb/.radisdb/CO-05_HITEMP2019.h5,0.13753507880165697,0.20180288881201602,0,1e-06,1,"1,2,3,4,5,6",1626963035.43801,radis,19238,0,0,0,1,1,CO,CO_5000_5100_19238_fft,simple,hapi,1,0.008581161499023,1000,"{'_check_line_databank': 0.0003414154052734375, 'reinitialize_1': 0.0013937950134277344, 'reinitialize_2': 1.239776611328125e-05, 'reinitialize_3': 0.0015914440155029297, 'reinitialize_4': 3.504753112792969e-05, 'reinitialize': 0.0030410289764404297, 'scaled_eq_linestrength': 0.0056459903717041016, 'calc_lineshift': 0.0007300376892089844, 'calc_hwhm': 0.0041043758392333984, '_generate_wavenumber_arrays': 0.0006628036499023438, 'precompute_DLM_lineshapes': 0.008581161499023438, 'DLM_Initialized_vectors': 6.67572021484375e-06, 'DLM_closest_matching_line': 0.0011637210845947266, 'DLM_Distribute_lines': 0.0008063316345214844, 'DLM_convolve': 0.01964402198791504, 'calc_line_broadening': 0.030354738235473633, 'calc_other_spectral_quan': 0.0009572505950927734, 'spectrum_calc_before_obj': 0.0458989143371582}",0,0.9.29,0.00304102897644,0.001393795013428,1.23977661132813e-05,0.0015914440155029997,3.50475311279297e-05,boltzmann,0.005645990371704,1,0.045898914337157995,X,1,19238,boltzmann,3,5,0.01,0.01,5100,5250,5000,4850,cm-1,0.068,5003,406122200.3455118,816914.0819683773
7,20210722_Tvib300K_Trot300K_7.spec,0.0008592605590819999,8.58306884765625e-06,0.001144886016846,0.0037252902984619995,6060.606060606059,300,296,300,300,0.00033497810363800003,0.00068736076355,cython,300,fft,0.0037257671356199997,0.015541315078735,0.0007925033569339999,0.0007760524749760001,0.03,0,1,hitemp-radisdb,/home/pipebomb/.radisdb/CO-05_HITEMP2019.h5,0.13753507880165697,0.20180288881201602,0,1e-06,1,"1,2,3,4,5,6",1626963035.57001,radis,19238,0,0,0,1,1,CO,CO_5000_5100_19238_fft,simple,hapi,1,0.009437799453735001,1000,"{'_check_line_databank': 0.0003349781036376953, 'reinitialize_1': 0.0011992454528808594, 'reinitialize_2': 1.1205673217773438e-05, 'reinitialize_3': 0.0014202594757080078, 'reinitialize_4': 3.361701965332031e-05, 'reinitialize': 0.002669095993041992, 'scaled_eq_linestrength': 0.006136894226074219, 'calc_lineshift': 0.0007925033569335938, 'calc_hwhm': 0.003725767135620117, '_generate_wavenumber_arrays': 0.0006873607635498047, 'precompute_DLM_lineshapes': 0.009437799453735352, 'DLM_Initialized_vectors': 8.58306884765625e-06, 'DLM_closest_matching_line': 0.0011448860168457031, 'DLM_Distribute_lines': 0.0008592605590820312, 'DLM_convolve': 0.003725290298461914, 'calc_line_broadening': 0.015541315078735352, 'calc_other_spectral_quan': 0.0007760524749755859, 'spectrum_calc_before_obj': 0.03072333335876465}",0,0.9.29,0.0026690959930420004,0.001199245452881,1.12056732177734e-05,0.001420259475708,3.36170196533203e-05,boltzmann,0.006136894226074,1,0.030723333358765,X,1,19238,boltzmann,3,5,0.01,0.01,5100,5250,5000,4850,cm-1,0.066,5003,419297383.5263968,844563.8869395094
8,20210722_Tvib300K_Trot300K_8.spec,0.0009398460388180001,9.05990600585938e-06,0.001190900802612,0.017888784408569,6250.0,300,296,300,300,0.000335693359375,0.000812530517578,cython,300,fft,0.003355979919434,0.030453443527222002,0.0007419586181639999,0.000963926315308,0.04,0,1,hitemp-radisdb,/home/pipebomb/.radisdb/CO-05_HITEMP2019.h5,0.13753507880165697,0.20180288881201602,0,1e-06,1,"1,2,3,4,5,6",1626963035.71001,radis,19238,0,0,0,1,1,CO,CO_5000_5100_19238_fft,simple,hapi,1,0.010220289230347,1000,"{'_check_line_databank': 0.000335693359375, 'reinitialize_1': 0.0011818408966064453, 'reinitialize_2': 1.1444091796875e-05, 'reinitialize_3': 0.0013685226440429688, 'reinitialize_4': 3.218650817871094e-05, 'reinitialize': 0.002598285675048828, 'scaled_eq_linestrength': 0.005610466003417969, 'calc_lineshift': 0.0007419586181640625, 'calc_hwhm': 0.0033559799194335938, '_generate_wavenumber_arrays': 0.000812530517578125, 'precompute_DLM_lineshapes': 0.01022028923034668, 'DLM_Initialized_vectors': 9.059906005859375e-06, 'DLM_closest_matching_line': 0.0011909008026123047, 'DLM_Distribute_lines': 0.0009398460388183594, 'DLM_convolve': 0.017888784408569336, 'calc_line_broadening': 0.03045344352722168, 'calc_other_spectral_quan': 0.0009639263153076172, 'spectrum_calc_before_obj': 0.04494166374206543}",0,0.9.29,0.002598285675049,0.001181840896606,1.1444091796875e-05,0.001368522644043,3.2186508178710904e-05,boltzmann,0.005610466003418,1,0.044941663742066,X,1,19238,boltzmann,3,5,0.01,0.01,5100,5250,5000,4850,cm-1,0.064,5003,433323576.5215994,874033.6742730447
9,20210722_Tvib300K_Trot300K_9.spec,0.0008482933044430001,8.344650268554691e-06,0.0011808872222899998,0.019246578216553,6451.61290322581,300,296,300,300,0.000331878662109,0.000724792480469,cython,300,fft,0.004276752471924001,0.0303213596344,0.0007317066192630001,0.0011153221130369999,0.05,0,1,hitemp-radisdb,/home/pipebomb/.radisdb/CO-05_HITEMP2019.h5,0.13753507880165697,0.20180288881201602,0,1e-06,1,"1,2,3,4,5,6",1626963035.8540099,radis,19238,0,0,0,1,1,CO,CO_5000_5100_19238_fft,simple,hapi,1,0.008845090866089,1000,"{'_check_line_databank': 0.000331878662109375, 'reinitialize_1': 0.001188039779663086, 'reinitialize_2': 1.0967254638671875e-05, 'reinitialize_3': 0.0013611316680908203, 'reinitialize_4': 3.147125244140625e-05, 'reinitialize': 0.0025963783264160156, 'scaled_eq_linestrength': 0.005519866943359375, 'calc_lineshift': 0.0007317066192626953, 'calc_hwhm': 0.004276752471923828, '_generate_wavenumber_arrays': 0.00072479248046875, 'precompute_DLM_lineshapes': 0.008845090866088867, 'DLM_Initialized_vectors': 8.344650268554688e-06, 'DLM_closest_matching_line': 0.001180887222290039, 'DLM_Distribute_lines': 0.0008482933044433594, 'DLM_convolve': 0.019246578216552734, 'calc_line_broadening': 0.030321359634399414, 'calc_other_spectral_quan': 0.0011153221130371094, 'spectrum_calc_before_obj': 0.04569673538208008}",0,0.9.29,0.002596378326416,0.001188039779663,1.09672546386719e-05,0.001361131668091,3.14712524414062e-05,boltzmann,0.005519866943359,1,0.04569673538208,X,1,19238,boltzmann,3,5,0.01,0.01,5100,5250,5000,4850,cm-1,0.062,5003,448284941.9055868,905505.593914326
10,20210722_Tvib300K_Trot300K_10.spec,0.000946044921875,8.10623168945313e-06,0.0011999607086180001,0.003963947296143,6666.66666666667,300,296,300,300,0.000353813171387,0.0007107257843019999,cython,300,fft,0.002906560897827,0.016898632049561,0.0007171630859380001,0.0010268688201900001,0.03,0,1,hitemp-radisdb,/home/pipebomb/.radisdb/CO-05_HITEMP2019.h5,0.13753507880165697,0.20180288881201602,0,1e-06,1,"1,2,3,4,5,6",1626963035.98601,radis,19238,0,0,0,1,1,CO,CO_5000_5100_19238_fft,simple,hapi,1,0.010358333587647,1000,"{'_check_line_databank': 0.00035381317138671875, 'reinitialize_1': 0.0012629032135009766, 'reinitialize_2': 1.1205673217773438e-05, 'reinitialize_3': 0.0014407634735107422, 'reinitialize_4': 3.457069396972656e-05, 'reinitialize': 0.002754688262939453, 'scaled_eq_linestrength': 0.006363868713378906, 'calc_lineshift': 0.0007171630859375, 'calc_hwhm': 0.0029065608978271484, '_generate_wavenumber_arrays': 0.0007107257843017578, 'precompute_DLM_lineshapes': 0.010358333587646484, 'DLM_Initialized_vectors': 8.106231689453125e-06, 'DLM_closest_matching_line': 0.001199960708618164, 'DLM_Distribute_lines': 0.000946044921875, 'DLM_convolve': 0.003963947296142578, 'calc_line_broadening': 0.016898632049560547, 'calc_other_spectral_quan': 0.0010268688201904297, 'spectrum_calc_before_obj': 0.0317988395690918}",0,0.9.29,0.0027546882629390004,0.0012629032135010002,1.12056732177734e-05,0.001440763473511,3.4570693969726596e-05,boltzmann,0.006363868713379001,1,0.031798839569092005,X,1,19238,boltzmann,3,5,0.01,0.01,5100,5250,5000,4850,cm-1,0.06,5003,464277047.63277525,939186.694812589
11,20210722_Tvib300K_Trot300K_11.spec,0.0009372234344480001,7.152557373046879e-06,0.001188039779663,0.0030233860015869995,6896.551724137939,300,296,300,300,0.000345706939697,0.0006718635559079999,cython,300,fft,0.002866268157959,0.015170335769653,0.000744104385376,0.00096869468689,0.03,0,1,hitemp-radisdb,/home/pipebomb/.radisdb/CO-05_HITEMP2019.h5,0.13753507880165697,0.20180288881201602,0,1e-06,1,"1,2,3,4,5,6",1626963036.11801,radis,19238,0,0,0,1,1,CO,CO_5000_5100_19238_fft,simple,hapi,1,0.009848356246948,1000,"{'_check_line_databank': 0.0003457069396972656, 'reinitialize_1': 0.001405954360961914, 'reinitialize_2': 1.1682510375976562e-05, 'reinitialize_3': 0.0018322467803955078, 'reinitialize_4': 3.695487976074219e-05, 'reinitialize': 0.0032927989959716797, 'scaled_eq_linestrength': 0.0061109066009521484, 'calc_lineshift': 0.0007441043853759766, 'calc_hwhm': 0.0028662681579589844, '_generate_wavenumber_arrays': 0.0006718635559082031, 'precompute_DLM_lineshapes': 0.009848356246948242, 'DLM_Initialized_vectors': 7.152557373046875e-06, 'DLM_closest_matching_line': 0.001188039779663086, 'DLM_Distribute_lines': 0.0009372234344482422, 'DLM_convolve': 0.003023386001586914, 'calc_line_broadening': 0.01517033576965332, 'calc_other_spectral_quan': 0.0009686946868896484, 'spectrum_calc_before_obj': 0.030236005783081055}",0,0.9.29,0.0032927989959720006,0.0014059543609620001,1.16825103759766e-05,0.0018322467803960003,3.695487976074221e-05,boltzmann,0.006110906600951999,1,0.030236005783081003,X,1,19238,boltzmann,3,5,0.01,0.01,5100,5250,5000,4850,cm-1,0.057999999999999996,5003,481408859.26179045,975313.3037841338
12,20210722_Tvib300K_Trot300K_12.spec,0.000879287719727,1.07288360595703e-05,0.001139402389526,0.024066686630249,7142.8571428571495,300,296,300,300,0.00046372413635300007,0.0006706714630130001,cython,300,fft,0.0029251575469970005,0.035362958908081006,0.000711679458618,0.0010268688201900001,0.05,0,1,hitemp-radisdb,/home/pipebomb/.radisdb/CO-05_HITEMP2019.h5,0.13753507880165697,0.20180288881201602,0,1e-06,1,"1,2,3,4,5,6",1626963036.27401,radis,19238,0,0,0,1,1,CO,CO_5000_5100_19238_fft,simple,hapi,1,0.009055137634277,1000,"{'_check_line_databank': 0.00046372413635253906, 'reinitialize_1': 0.0014719963073730469, 'reinitialize_2': 1.0967254638671875e-05, 'reinitialize_3': 0.0016102790832519531, 'reinitialize_4': 3.4332275390625e-05, 'reinitialize': 0.003133058547973633, 'scaled_eq_linestrength': 0.006541252136230469, 'calc_lineshift': 0.0007116794586181641, 'calc_hwhm': 0.0029251575469970703, '_generate_wavenumber_arrays': 0.0006706714630126953, 'precompute_DLM_lineshapes': 0.009055137634277344, 'DLM_Initialized_vectors': 1.0728836059570312e-05, 'DLM_closest_matching_line': 0.0011394023895263672, 'DLM_Distribute_lines': 0.0008792877197265625, 'DLM_convolve': 0.024066686630249023, 'calc_line_broadening': 0.035362958908081055, 'calc_other_spectral_quan': 0.0010268688201904297, 'spectrum_calc_before_obj': 0.05089998245239258}",0,0.9.29,0.0031330585479740006,0.001471996307373,1.09672546386719e-05,0.001610279083252,3.4332275390625e-05,boltzmann,0.0065412521362299995,1,0.050899982452392994,X,1,19238,boltzmann,3,5,0.01,0.01,5100,5250,5000,4850,cm-1,0.055999999999999994,5003,499805163.77181214,1014156.3583262834
13,20210722_Tvib300K_Trot300K_13.spec,0.000932693481445,8.10623168945313e-06,0.001168727874756,0.008339405059814,7407.40740740741,300,296,300,300,0.000335693359375,0.0007498264312739999,cython,300,fft,0.003387451171875,0.020354270935059,0.00081992149353,0.0009655952453610002,0.04,0,1,hitemp-radisdb,/home/pipebomb/.radisdb/CO-05_HITEMP2019.h5,0.13753507880165697,0.20180288881201602,0,1e-06,1,"1,2,3,4,5,6",1626963036.41401,radis,19238,0,0,0,1,1,CO,CO_5000_5100_19238_fft,simple,hapi,1,0.009713172912598,1000,"{'_check_line_databank': 0.000335693359375, 'reinitialize_1': 0.0012280941009521484, 'reinitialize_2': 1.1444091796875e-05, 'reinitialize_3': 0.0013859272003173828, 'reinitialize_4': 3.170967102050781e-05, 'reinitialize': 0.0026617050170898438, 'scaled_eq_linestrength': 0.006438732147216797, 'calc_lineshift': 0.0008199214935302734, 'calc_hwhm': 0.003387451171875, '_generate_wavenumber_arrays': 0.0007498264312744141, 'precompute_DLM_lineshapes': 0.009713172912597656, 'DLM_Initialized_vectors': 8.106231689453125e-06, 'DLM_closest_matching_line': 0.0011687278747558594, 'DLM_Distribute_lines': 0.0009326934814453125, 'DLM_convolve': 0.008339405059814453, 'calc_line_broadening': 0.020354270935058594, 'calc_other_spectral_quan': 0.0009655952453613281, 'spectrum_calc_before_obj': 0.03578519821166992}",0,0.9.29,0.0026617050170900003,0.001228094100952,1.1444091796875e-05,0.001385927200317,3.17096710205078e-05,boltzmann,0.006438732147217,1,0.03578519821167,X,1,19238,boltzmann,3,5,0.01,0.01,5100,5250,5000,4850,cm-1,0.054000000000000006,5003,519609537.9264729,1056027.9442401004
14,20210722_Tvib300K_Trot300K_14.spec,0.0009312629699710001,2.86102294921875e-05,0.0015239715576170001,0.0034310817718509997,7692.307692307701,300,296,300,300,0.00037097930908199997,0.0007030963897709999,cython,300,fft,0.003426790237427,0.015218019485473999,0.000816583633423,0.0009353160858150001,0.03,0,1,hitemp-radisdb,/home/pipebomb/.radisdb/CO-05_HITEMP2019.h5,0.13753507880165697,0.20180288881201602,0,1e-06,1,"1,2,3,4,5,6",1626963036.54201,radis,19238,0,0,0,1,1,CO,CO_5000_5100_19238_fft,simple,hapi,1,0.009036064147949,1000,"{'_check_line_databank': 0.00037097930908203125, 'reinitialize_1': 0.0016665458679199219, 'reinitialize_2': 1.1444091796875e-05, 'reinitialize_3': 0.0013685226440429688, 'reinitialize_4': 3.0517578125e-05, 'reinitialize': 0.0030825138092041016, 'scaled_eq_linestrength': 0.006597995758056641, 'calc_lineshift': 0.0008165836334228516, 'calc_hwhm': 0.003426790237426758, '_generate_wavenumber_arrays': 0.0007030963897705078, 'precompute_DLM_lineshapes': 0.009036064147949219, 'DLM_Initialized_vectors': 2.86102294921875e-05, 'DLM_closest_matching_line': 0.0015239715576171875, 'DLM_Distribute_lines': 0.0009312629699707031, 'DLM_convolve': 0.003431081771850586, 'calc_line_broadening': 0.015218019485473633, 'calc_other_spectral_quan': 0.0009353160858154297, 'spectrum_calc_before_obj': 0.031220197677612305}",0,0.9.29,0.003082513809204,0.0016665458679200002,1.1444091796875e-05,0.001368522644043,3.0517578125e-05,boltzmann,0.006597995758056999,1,0.031220197677612003,X,1,19238,boltzmann,3,5,0.01,0.01,5100,5250,5000,4850,cm-1,0.052000000000000005,5003,540988009.1876274,1101289.3670779942
15,20210722_Tvib300K_Trot300K_15.spec,0.000982761383057,7.390975952148441e-06,0.0011713504791260002,0.0037889480590820005,8000.00000000001,300,296,300,300,0.00033450126647900007,0.0007011890411380001,cython,300,fft,0.004027366638184,0.015082120895386,0.001296043395996,0.0009677410125730001,0.03,0,1,hitemp-radisdb,/home/pipebomb/.radisdb/CO-05_HITEMP2019.h5,0.13753507880165697,0.20180288881201602,0,1e-06,1,"1,2,3,4,5,6",1626963036.68601,radis,19238,0,0,0,1,1,CO,CO_5000_5100_19238_fft,simple,hapi,1,0.008950233459473,1000,"{'_check_line_databank': 0.0003345012664794922, 'reinitialize_1': 0.0014083385467529297, 'reinitialize_2': 1.1205673217773438e-05, 'reinitialize_3': 0.001547098159790039, 'reinitialize_4': 3.62396240234375e-05, 'reinitialize': 0.003009319305419922, 'scaled_eq_linestrength': 0.007014751434326172, 'calc_lineshift': 0.0012960433959960938, 'calc_hwhm': 0.004027366638183594, '_generate_wavenumber_arrays': 0.0007011890411376953, 'precompute_DLM_lineshapes': 0.008950233459472656, 'DLM_Initialized_vectors': 7.3909759521484375e-06, 'DLM_closest_matching_line': 0.0011713504791259766, 'DLM_Distribute_lines': 0.0009827613830566406, 'DLM_convolve': 0.0037889480590820312, 'calc_line_broadening': 0.015082120895385742, 'calc_other_spectral_quan': 0.0009677410125732422, 'spectrum_calc_before_obj': 0.03250908851623535}",0,0.9.29,0.00300931930542,0.0014083385467529997,1.12056732177734e-05,0.00154709815979,3.62396240234375e-05,boltzmann,0.007014751434326001,1,0.032509088516235005,X,1,19238,boltzmann,3,5,0.01,0.01,5100,5250,5000,4850,cm-1,0.05,5003,564133604.9402186,1150361.1930447342
16,20210722_Tvib300K_Trot300K_16.spec,0.001147747039795,7.152557373046879e-06,0.0011489391326900001,0.0245840549469,8333.333333333341,300,296,300,300,0.000337839126587,0.00069522857666,cython,300,fft,0.0030031204223630002,0.035785436630249,0.0007026195526119999,0.0009710788726810001,0.05,0,1,hitemp-radisdb,/home/pipebomb/.radisdb/CO-05_HITEMP2019.h5,0.13753507880165697,0.20180288881201602,0,1e-06,1,"1,2,3,4,5,6",1626963036.84601,radis,19238,0,0,0,1,1,CO,CO_5000_5100_19238_fft,simple,hapi,1,0.008731603622437,1000,"{'_check_line_databank': 0.00033783912658691406, 'reinitialize_1': 0.0011858940124511719, 'reinitialize_2': 1.1205673217773438e-05, 'reinitialize_3': 0.0015420913696289062, 'reinitialize_4': 3.5762786865234375e-05, 'reinitialize': 0.002780437469482422, 'scaled_eq_linestrength': 0.005754947662353516, 'calc_lineshift': 0.0007026195526123047, 'calc_hwhm': 0.0030031204223632812, '_generate_wavenumber_arrays': 0.0006952285766601562, 'precompute_DLM_lineshapes': 0.008731603622436523, 'DLM_Initialized_vectors': 7.152557373046875e-06, 'DLM_closest_matching_line': 0.0011489391326904297, 'DLM_Distribute_lines': 0.0011477470397949219, 'DLM_convolve': 0.024584054946899414, 'calc_line_broadening': 0.03578543663024902, 'calc_other_spectral_quan': 0.0009710788726806641, 'spectrum_calc_before_obj': 0.050093650817871094}",0,0.9.29,0.0027804374694820003,0.001185894012451,1.12056732177734e-05,0.001542091369629,3.57627868652344e-05,boltzmann,0.005754947662354,1,0.05009365081787099,X,1,19238,boltzmann,3,5,0.01,0.01,5100,5250,5000,4850,cm-1,0.048,5003,589272051.5935377,1203735.8420242984
17,20210722_Tvib300K_Trot300K_17.spec,0.001402139663696,6.914138793945309e-06,0.0012567043304439998,0.010105848312378,8695.652173913051,300,296,300,300,0.00039029121398900004,0.000998258590698,cython,300,fft,0.003310918807983,0.02181601524353,0.0007922649383540001,0.00081729888916,0.04,0,1,hitemp-radisdb,/home/pipebomb/.radisdb/CO-05_HITEMP2019.h5,0.13753507880165697,0.20180288881201602,0,1e-06,1,"1,2,3,4,5,6",1626963036.99401,radis,19238,0,0,0,1,1,CO,CO_5000_5100_19238_fft,simple,hapi,1,0.008722066879272,1000,"{'_check_line_databank': 0.0003902912139892578, 'reinitialize_1': 0.001439809799194336, 'reinitialize_2': 1.0967254638671875e-05, 'reinitialize_3': 0.0014333724975585938, 'reinitialize_4': 3.4809112548828125e-05, 'reinitialize': 0.002925395965576172, 'scaled_eq_linestrength': 0.006909847259521484, 'calc_lineshift': 0.0007922649383544922, 'calc_hwhm': 0.0033109188079833984, '_generate_wavenumber_arrays': 0.0009982585906982422, 'precompute_DLM_lineshapes': 0.008722066879272461, 'DLM_Initialized_vectors': 6.9141387939453125e-06, 'DLM_closest_matching_line': 0.001256704330444336, 'DLM_Distribute_lines': 0.001402139663696289, 'DLM_convolve': 0.01010584831237793, 'calc_line_broadening': 0.021816015243530273, 'calc_other_spectral_quan': 0.0008172988891601562, 'spectrum_calc_before_obj': 0.0380251407623291}",0,0.9.29,0.0029253959655759997,0.001439809799194,1.09672546386719e-05,0.0014333724975590001,3.48091125488281e-05,boltzmann,0.006909847259521,1,0.038025140762329004,X,1,19238,boltzmann,3,5,0.01,0.01,5100,5250,5000,4850,cm-1,0.046,5003,616668976.8733456,1261993.5206401437
18,20210722_Tvib300K_Trot300K_18.spec,0.0011355876922610002,8.58306884765625e-06,0.0011978149414060002,0.029700040817261002,9090.909090909101,300,296,300,300,0.00035858154296900007,0.0007126331329349999,cython,300,fft,0.0029580593109130005,0.041830778121948,0.0008685588836669999,0.000892400741577,0.06,0,1,hitemp-radisdb,/home/pipebomb/.radisdb/CO-05_HITEMP2019.h5,0.13753507880165697,0.20180288881201602,0,1e-06,1,"1,2,3,4,5,6",1626963037.15801,radis,19238,0,0,0,1,1,CO,CO_5000_5100_19238_fft,simple,hapi,1,0.009395599365234002,1000,"{'_check_line_databank': 0.00035858154296875, 'reinitialize_1': 0.0013883113861083984, 'reinitialize_2': 1.1205673217773438e-05, 'reinitialize_3': 0.0017635822296142578, 'reinitialize_4': 0.00014090538024902344, 'reinitialize': 0.0033130645751953125, 'scaled_eq_linestrength': 0.005944252014160156, 'calc_lineshift': 0.0008685588836669922, 'calc_hwhm': 0.002958059310913086, '_generate_wavenumber_arrays': 0.0007126331329345703, 'precompute_DLM_lineshapes': 0.009395599365234375, 'DLM_Initialized_vectors': 8.58306884765625e-06, 'DLM_closest_matching_line': 0.00119781494140625, 'DLM_Distribute_lines': 0.0011355876922607422, 'DLM_convolve': 0.029700040817260742, 'calc_line_broadening': 0.04183077812194824, 'calc_other_spectral_quan': 0.0008924007415771484, 'spectrum_calc_before_obj': 0.056967973709106445}",0,0.9.29,0.003313064575195,0.0013883113861079997,1.12056732177734e-05,0.001763582229614,0.000140905380249,boltzmann,0.00594425201416,1,0.05696797370910701,X,1,19238,boltzmann,3,5,0.01,0.01,5100,5250,5000,4850,cm-1,0.044000000000000004,5003,646639098.1888616,1325822.5734068174
19,20210722_Tvib300K_Trot300K_19.spec,0.001169681549072,8.344650268554691e-06,0.001251935958862,0.017488956451416,9523.80952380953,300,296,300,300,0.000494956970215,0.0007009506225589999,cython,300,fft,0.0032911300659179995,0.02958869934082,0.001969575881958,0.00098180770874,0.05,0,1,hitemp-radisdb,/home/pipebomb/.radisdb/CO-05_HITEMP2019.h5,0.13753507880165697,0.20180288881201602,0,1e-06,1,"1,2,3,4,5,6",1626963037.31001,radis,19238,0,0,0,1,1,CO,CO_5000_5100_19238_fft,simple,hapi,1,0.009465217590331998,1000,"{'_check_line_databank': 0.0004949569702148438, 'reinitialize_1': 0.0011620521545410156, 'reinitialize_2': 1.1444091796875e-05, 'reinitialize_3': 0.0014374256134033203, 'reinitialize_4': 3.218650817871094e-05, 'reinitialize': 0.0026481151580810547, 'scaled_eq_linestrength': 0.0053980350494384766, 'calc_lineshift': 0.001969575881958008, 'calc_hwhm': 0.0032911300659179688, '_generate_wavenumber_arrays': 0.0007009506225585938, 'precompute_DLM_lineshapes': 0.009465217590332031, 'DLM_Initialized_vectors': 8.344650268554688e-06, 'DLM_closest_matching_line': 0.0012519359588623047, 'DLM_Distribute_lines': 0.0011696815490722656, 'DLM_convolve': 0.017488956451416016, 'calc_line_broadening': 0.029588699340820312, 'calc_other_spectral_quan': 0.0009818077087402344, 'spectrum_calc_before_obj': 0.04514312744140625}",0,0.9.29,0.002648115158081,0.0011620521545410002,1.1444091796875e-05,0.0014374256134029998,3.2186508178710904e-05,boltzmann,0.0053980350494379995,1,0.045143127441406,X,1,19238,boltzmann,3,5,0.01,0.01,5100,5250,5000,4850,cm-1,0.042,5003,679558065.4840212,1396045.7459515058
20,20210722_Tvib300K_Trot300K_20.spec,0.001098871231079,5.24520874023438e-06,0.0011682510375980002,0.007388830184937,10000.0,300,296,300,300,0.000337362289429,0.000713348388672,cython,300,fft,0.003080606460571,0.018218278884888,0.000823736190796,0.000848054885864,0.03,0,1,hitemp-radisdb,/home/pipebomb/.radisdb/CO-05_HITEMP2019.h5,0.13753507880165697,0.20180288881201602,0,1e-06,1,"1,2,3,4,5,6",1626963037.46201,radis,19238,0,0,0,1,1,CO,CO_5000_5100_19238_fft,simple,hapi,1,0.008298873901367,1000,"{'_check_line_databank': 0.00033736228942871094, 'reinitialize_1': 0.0012392997741699219, 'reinitialize_2': 1.1444091796875e-05, 'reinitialize_3': 0.0016627311706542969, 'reinitialize_4': 4.506111145019531e-05, 'reinitialize': 0.002965688705444336, 'scaled_eq_linestrength': 0.006943225860595703, 'calc_lineshift': 0.0008237361907958984, 'calc_hwhm': 0.003080606460571289, '_generate_wavenumber_arrays': 0.000713348388671875, 'precompute_DLM_lineshapes': 0.008298873901367188, 'DLM_Initialized_vectors': 5.245208740234375e-06, 'DLM_closest_matching_line': 0.0011682510375976562, 'DLM_Distribute_lines': 0.0010988712310791016, 'DLM_convolve': 0.0073888301849365234, 'calc_line_broadening': 0.018218278884887695, 'calc_other_spectral_quan': 0.0008480548858642578, 'spectrum_calc_before_obj': 0.03399991989135742}",0,0.9.29,0.0029656887054440003,0.00123929977417,1.1444091796875e-05,0.001662731170654,4.506111145019529e-05,boltzmann,0.006943225860596,1,0.033999919891358,X,1,19238,boltzmann,3,5,0.01,0.01,5100,5250,5000,4850,cm-1,0.04,5003,715877896.6383544,1473654.4595161893
21,20210722_Tvib300K_Trot300K_21.spec,0.001150846481323,8.821487426757809e-06,0.0012090206146239998,0.040513515472412005,10526.3157894737,300,296,300,300,0.000414133071899,0.0014061927795410002,cython,300,fft,0.004063606262207,0.055184602737427,0.000988721847534,0.0010027885437010001,0.07,0,1,hitemp-radisdb,/home/pipebomb/.radisdb/CO-05_HITEMP2019.h5,0.13753507880165697,0.20180288881201602,0,1e-06,1,"1,2,3,4,5,6",1626963037.6460001,radis,19238,0,0,0,1,1,CO,CO_5000_5100_19238_fft,simple,hapi,1,0.011667013168334997,1000,"{'_check_line_databank': 0.00041413307189941406, 'reinitialize_1': 0.001300811767578125, 'reinitialize_2': 1.1920928955078125e-05, 'reinitialize_3': 0.0017139911651611328, 'reinitialize_4': 4.6253204345703125e-05, 'reinitialize': 0.003078937530517578, 'scaled_eq_linestrength': 0.007033586502075195, 'calc_lineshift': 0.0009887218475341797, 'calc_hwhm': 0.004063606262207031, '_generate_wavenumber_arrays': 0.0014061927795410156, 'precompute_DLM_lineshapes': 0.011667013168334961, 'DLM_Initialized_vectors': 8.821487426757812e-06, 'DLM_closest_matching_line': 0.0012090206146240234, 'DLM_Distribute_lines': 0.0011508464813232422, 'DLM_convolve': 0.04051351547241211, 'calc_line_broadening': 0.05518460273742676, 'calc_other_spectral_quan': 0.0010027885437011719, 'spectrum_calc_before_obj': 0.07327079772949219}",0,0.9.29,0.0030789375305179997,0.001300811767578,1.19209289550781e-05,0.001713991165161,4.62532043457031e-05,boltzmann,0.007033586502075,1,0.07327079772949201,X,1,19238,boltzmann,3,5,0.01,0.01,5100,5250,5000,4850,cm-1,0.038,5003,756147341.862061,1559854.0911770526
22,20210722_Tvib300K_Trot300K_22.spec,0.0011224746704100001,8.344650268554691e-06,0.001260757446289,0.037119865417481,11111.1111111111,300,296,300,300,0.00034594535827599997,0.0007574558258060001,cython,300,fft,0.003067255020142,0.049102306365967005,0.0007126331329349999,0.0010819435119630001,0.06,0,1,hitemp-radisdb,/home/pipebomb/.radisdb/CO-05_HITEMP2019.h5,0.13753507880165697,0.20180288881201602,0,1e-06,1,"1,2,3,4,5,6",1626963037.826,radis,19238,0,0,0,1,1,CO,CO_5000_5100_19238_fft,simple,hapi,1,0.009087085723876998,1000,"{'_check_line_databank': 0.0003459453582763672, 'reinitialize_1': 0.0018701553344726562, 'reinitialize_2': 1.1205673217773438e-05, 'reinitialize_3': 0.0016884803771972656, 'reinitialize_4': 3.695487976074219e-05, 'reinitialize': 0.003613710403442383, 'scaled_eq_linestrength': 0.005581378936767578, 'calc_lineshift': 0.0007126331329345703, 'calc_hwhm': 0.0030672550201416016, '_generate_wavenumber_arrays': 0.0007574558258056641, 'precompute_DLM_lineshapes': 0.009087085723876953, 'DLM_Initialized_vectors': 8.344650268554688e-06, 'DLM_closest_matching_line': 0.0012607574462890625, 'DLM_Distribute_lines': 0.0011224746704101562, 'DLM_convolve': 0.03711986541748047, 'calc_line_broadening': 0.0491023063659668, 'calc_other_spectral_quan': 0.0010819435119628906, 'spectrum_calc_before_obj': 0.06432938575744629}",0,0.9.29,0.003613710403442,0.0018701553344729997,1.12056732177734e-05,0.001688480377197,3.695487976074221e-05,boltzmann,0.0055813789367680005,1,0.064329385757446,X,1,19238,boltzmann,3,5,0.01,0.01,5100,5250,5000,4850,cm-1,0.036000000000000004,5003,801039112.655477,1656124.6022460444
23,20210722_Tvib300K_Trot300K_23.spec,0.001176834106445,8.10623168945313e-06,0.001210451126099,0.007556200027466,11764.705882353,300,296,300,300,0.000330209732056,0.000929355621338,cython,300,fft,0.004490852355957,0.018857002258301003,0.0007343292236330001,0.001085519790649,0.03,0,1,hitemp-radisdb,/home/pipebomb/.radisdb/CO-05_HITEMP2019.h5,0.13753507880165697,0.20180288881201602,0,1e-06,1,"1,2,3,4,5,6",1626963037.978,radis,19238,0,0,0,1,1,CO,CO_5000_5100_19238_fft,simple,hapi,1,0.008699417114258002,1000,"{'_check_line_databank': 0.00033020973205566406, 'reinitialize_1': 0.001203775405883789, 'reinitialize_2': 1.1205673217773438e-05, 'reinitialize_3': 0.0014119148254394531, 'reinitialize_4': 3.218650817871094e-05, 'reinitialize': 0.0026645660400390625, 'scaled_eq_linestrength': 0.005692481994628906, 'calc_lineshift': 0.0007343292236328125, 'calc_hwhm': 0.004490852355957031, '_generate_wavenumber_arrays': 0.0009293556213378906, 'precompute_DLM_lineshapes': 0.008699417114257812, 'DLM_Initialized_vectors': 8.106231689453125e-06, 'DLM_closest_matching_line': 0.0012104511260986328, 'DLM_Distribute_lines': 0.0011768341064453125, 'DLM_convolve': 0.00755620002746582, 'calc_line_broadening': 0.01885700225830078, 'calc_other_spectral_quan': 0.001085519790649414, 'spectrum_calc_before_obj': 0.034848928451538086}",0,0.9.29,0.002664566040039,0.0012037754058839998,1.12056732177734e-05,0.001411914825439,3.2186508178710904e-05,boltzmann,0.005692481994629001,1,0.034848928451537996,X,1,19238,boltzmann,3,5,0.01,0.01,5100,5250,5000,4850,cm-1,0.034,5003,851386829.7108841,1764302.9273362842
24,20210722_Tvib300K_Trot300K_24.spec,0.001503705978394,6.67572021484375e-06,0.001197576522827,0.040562629699707,12500.0,300,296,300,300,0.000605344772339,0.000821590423584,cython,300,fft,0.0033617019653320005,0.052692651748657005,0.000836610794067,0.001138687133789,0.07,0,1,hitemp-radisdb,/home/pipebomb/.radisdb/CO-05_HITEMP2019.h5,0.13753507880165697,0.20180288881201602,0,1e-06,1,"1,2,3,4,5,6",1626963038.1620002,radis,19238,0,0,0,1,1,CO,CO_5000_5100_19238_fft,simple,hapi,1,0.008869171142578002,1000,"{'_check_line_databank': 0.0006053447723388672, 'reinitialize_1': 0.00177001953125, 'reinitialize_2': 3.600120544433594e-05, 'reinitialize_3': 0.0022401809692382812, 'reinitialize_4': 5.221366882324219e-05, 'reinitialize': 0.0041086673736572266, 'scaled_eq_linestrength': 0.006390810012817383, 'calc_lineshift': 0.0008366107940673828, 'calc_hwhm': 0.0033617019653320312, '_generate_wavenumber_arrays': 0.0008215904235839844, 'precompute_DLM_lineshapes': 0.008869171142578125, 'DLM_Initialized_vectors': 6.67572021484375e-06, 'DLM_closest_matching_line': 0.0011975765228271484, 'DLM_Distribute_lines': 0.0015037059783935547, 'DLM_convolve': 0.04056262969970703, 'calc_line_broadening': 0.05269265174865723, 'calc_other_spectral_quan': 0.0011386871337890625, 'spectrum_calc_before_obj': 0.07003927230834961}",0,0.9.29,0.004108667373657,0.00177001953125,3.6001205444335904e-05,0.002240180969238,5.221366882324221e-05,boltzmann,0.0063908100128169994,1,0.07003927230835001,X,1,19238,boltzmann,3,5,0.01,0.01,5100,5250,5000,4850,cm-1,0.032,5003,908235983.8767956,1886696.7846580786
25,20210722_Tvib300K_Trot300K_25.spec,0.0020332336425779997,1.04904174804688e-05,0.001319169998169,0.050604104995728,13333.333333333401,300,296,300,300,0.00033879280090300004,0.001144647598267,cython,300,fft,0.004121065139771,0.063859939575195,0.0007672309875489999,0.001161575317383,0.08,0,1,hitemp-radisdb,/home/pipebomb/.radisdb/CO-05_HITEMP2019.h5,0.13753507880165697,0.20180288881201602,0,1e-06,1,"1,2,3,4,5,6",1626963038.3620002,radis,19238,0,0,0,1,1,CO,CO_5000_5100_19238_fft,simple,hapi,1,0.009166955947875999,1000,"{'_check_line_databank': 0.0003387928009033203, 'reinitialize_1': 0.001191854476928711, 'reinitialize_2': 1.1205673217773438e-05, 'reinitialize_3': 0.0013899803161621094, 'reinitialize_4': 3.24249267578125e-05, 'reinitialize': 0.0026311874389648438, 'scaled_eq_linestrength': 0.006441354751586914, 'calc_lineshift': 0.0007672309875488281, 'calc_hwhm': 0.004121065139770508, '_generate_wavenumber_arrays': 0.0011446475982666016, 'precompute_DLM_lineshapes': 0.009166955947875977, 'DLM_Initialized_vectors': 1.049041748046875e-05, 'DLM_closest_matching_line': 0.0013191699981689453, 'DLM_Distribute_lines': 0.002033233642578125, 'DLM_convolve': 0.05060410499572754, 'calc_line_broadening': 0.06385993957519531, 'calc_other_spectral_quan': 0.0011615753173828125, 'spectrum_calc_before_obj': 0.08054089546203613}",0,0.9.29,0.0026311874389650003,0.001191854476929,1.12056732177734e-05,0.0013899803161620003,3.24249267578125e-05,boltzmann,0.006441354751587,1,0.080540895462036,X,1,19238,boltzmann,3,5,0.01,0.01,5100,5250,5000,4850,cm-1,0.03,5003,972915514.8213918,2026244.7881446437
26,20210722_Tvib300K_Trot300K_26.spec,0.0013473033905030002,8.10623168945313e-06,0.0011966228485110002,0.041919946670532005,14285.714285714299,300,296,300,300,0.000461101531982,0.001037836074829,cython,300,fft,0.0038588047027590003,0.054107427597046,0.000982761383057,0.001604080200195,0.07,0,1,hitemp-radisdb,/home/pipebomb/.radisdb/CO-05_HITEMP2019.h5,0.13753507880165697,0.20180288881201602,0,1e-06,1,"1,2,3,4,5,6",1626963038.562,radis,19238,0,0,0,1,1,CO,CO_5000_5100_19238_fft,simple,hapi,1,0.008927822113036998,1000,"{'_check_line_databank': 0.0004611015319824219, 'reinitialize_1': 0.0011563301086425781, 'reinitialize_2': 1.1682510375976562e-05, 'reinitialize_3': 0.0014579296112060547, 'reinitialize_4': 3.314018249511719e-05, 'reinitialize': 0.0026655197143554688, 'scaled_eq_linestrength': 0.008079290390014648, 'calc_lineshift': 0.0009827613830566406, 'calc_hwhm': 0.003858804702758789, '_generate_wavenumber_arrays': 0.0010378360748291016, 'precompute_DLM_lineshapes': 0.00892782211303711, 'DLM_Initialized_vectors': 8.106231689453125e-06, 'DLM_closest_matching_line': 0.0011966228485107422, 'DLM_Distribute_lines': 0.0013473033905029297, 'DLM_convolve': 0.04191994667053223, 'calc_line_broadening': 0.0541074275970459, 'calc_other_spectral_quan': 0.0016040802001953125, 'spectrum_calc_before_obj': 0.0728750228881836}",0,0.9.29,0.0026655197143550004,0.001156330108643,1.16825103759766e-05,0.001457929611206,3.31401824951172e-05,boltzmann,0.008079290390015,1,0.07287502288818401,X,1,19238,boltzmann,3,5,0.01,0.01,5100,5250,5000,4850,cm-1,0.027999999999999997,5003,1047140419.9248778,2186746.3579234113
27,20210722_Tvib300K_Trot300K_27.spec,0.0015718936920170003,9.298324584960941e-06,0.001976728439331,0.05554556846618701,15384.615384615401,300,296,300,300,0.000380277633667,0.0007677078247069999,cython,300,fft,0.003702640533447,0.07134151458740201,0.001068830490112,0.00132942199707,0.09,0,1,hitemp-radisdb,/home/pipebomb/.radisdb/CO-05_HITEMP2019.h5,0.13753507880165697,0.20180288881201602,0,1e-06,1,"1,2,3,4,5,6",1626963038.7779999,radis,19238,0,0,0,1,1,CO,CO_5000_5100_19238_fft,simple,hapi,1,0.011175632476807,1000,"{'_check_line_databank': 0.0003802776336669922, 'reinitialize_1': 0.001062631607055664, 'reinitialize_2': 1.1920928955078125e-05, 'reinitialize_3': 0.0017867088317871094, 'reinitialize_4': 4.982948303222656e-05, 'reinitialize': 0.0029175281524658203, 'scaled_eq_linestrength': 0.006066083908081055, 'calc_lineshift': 0.0010688304901123047, 'calc_hwhm': 0.0037026405334472656, '_generate_wavenumber_arrays': 0.0007677078247070312, 'precompute_DLM_lineshapes': 0.01117563247680664, 'DLM_Initialized_vectors': 9.298324584960938e-06, 'DLM_closest_matching_line': 0.0019767284393310547, 'DLM_Distribute_lines': 0.0015718936920166016, 'DLM_convolve': 0.05554556846618652, 'calc_line_broadening': 0.07134151458740234, 'calc_other_spectral_quan': 0.0013294219970703125, 'spectrum_calc_before_obj': 0.08765745162963867}",0,0.9.29,0.0029175281524659994,0.0010626316070560002,1.19209289550781e-05,0.0017867088317870003,4.9829483032226596e-05,boltzmann,0.006066083908080999,1,0.087657451629639,X,1,19238,boltzmann,3,5,0.01,0.01,5100,5250,5000,4850,cm-1,0.026000000000000002,5003,1133162271.7089124,2373199.5786015135
28,20210722_Tvib300K_Trot300K_28.spec,0.0016324520111079997,5.48362731933594e-06,0.001472949981689,0.06405210494995099,16666.6666666667,300,296,300,300,0.00035190582275400003,0.000716924667358,cython,300,fft,0.0029063224792479996,0.078205585479736,0.0007224082946779999,0.001168489456177,0.09,0,1,hitemp-radisdb,/home/pipebomb/.radisdb/CO-05_HITEMP2019.h5,0.13753507880165697,0.20180288881201602,0,1e-06,1,"1,2,3,4,5,6",1626963039.002,radis,19238,0,0,0,1,1,CO,CO_5000_5100_19238_fft,simple,hapi,1,0.009586095809937,1000,"{'_check_line_databank': 0.00035190582275390625, 'reinitialize_1': 0.0012073516845703125, 'reinitialize_2': 1.1205673217773438e-05, 'reinitialize_3': 0.001783609390258789, 'reinitialize_4': 3.409385681152344e-05, 'reinitialize': 0.003041505813598633, 'scaled_eq_linestrength': 0.006771564483642578, 'calc_lineshift': 0.0007224082946777344, 'calc_hwhm': 0.002906322479248047, '_generate_wavenumber_arrays': 0.0007169246673583984, 'precompute_DLM_lineshapes': 0.009586095809936523, 'DLM_Initialized_vectors': 5.4836273193359375e-06, 'DLM_closest_matching_line': 0.0014729499816894531, 'DLM_Distribute_lines': 0.0016324520111083984, 'DLM_convolve': 0.06405210494995117, 'calc_line_broadening': 0.07820558547973633, 'calc_other_spectral_quan': 0.0011684894561767578, 'spectrum_calc_before_obj': 0.09395670890808105}",0,0.9.29,0.0030415058135990006,0.00120735168457,1.12056732177734e-05,0.0017836093902589998,3.4093856811523404e-05,boltzmann,0.0067715644836430005,1,0.093956708908081,X,1,19238,boltzmann,3,5,0.01,0.01,5100,5250,5000,4850,cm-1,0.024,5003,1233995877.6318727,2592310.9321979186
29,20210722_Tvib300K_Trot300K_29.spec,0.0016448497772220002,6.914138793945309e-06,0.001162528991699,0.07427191734314001,18181.818181818202,300,296,300,300,0.0003855228424069999,0.000725984573364,cython,300,fft,0.002943992614746,0.088538646697998,0.0008840560913089999,0.001071214675903,0.1,0,1,hitemp-radisdb,/home/pipebomb/.radisdb/CO-05_HITEMP2019.h5,0.13753507880165697,0.20180288881201602,0,1e-06,1,"1,2,3,4,5,6",1626963039.238,radis,19238,0,0,0,1,1,CO,CO_5000_5100_19238_fft,simple,hapi,1,0.010565042495728,1000,"{'_check_line_databank': 0.00038552284240722656, 'reinitialize_1': 0.0011858940124511719, 'reinitialize_2': 1.1205673217773438e-05, 'reinitialize_3': 0.0019140243530273438, 'reinitialize_4': 5.054473876953125e-05, 'reinitialize': 0.0031690597534179688, 'scaled_eq_linestrength': 0.006692409515380859, 'calc_lineshift': 0.0008840560913085938, 'calc_hwhm': 0.0029439926147460938, '_generate_wavenumber_arrays': 0.0007259845733642578, 'precompute_DLM_lineshapes': 0.010565042495727539, 'DLM_Initialized_vectors': 6.9141387939453125e-06, 'DLM_closest_matching_line': 0.0011625289916992188, 'DLM_Distribute_lines': 0.0016448497772216797, 'DLM_convolve': 0.07427191734313965, 'calc_line_broadening': 0.08853864669799805, 'calc_other_spectral_quan': 0.0010712146759033203, 'spectrum_calc_before_obj': 0.10448932647705078}",0,0.9.29,0.0031690597534179995,0.001185894012451,1.12056732177734e-05,0.0019140243530270003,5.05447387695313e-05,boltzmann,0.006692409515380999,1,0.10448932647705099,X,1,19238,boltzmann,3,5,0.01,0.01,5100,5250,5000,4850,cm-1,0.022000000000000002,5003,1353771041.226591,2853287.9629765283
30,20210722_Tvib300K_Trot300K_30.spec,0.001739501953125,7.390975952148441e-06,0.001251459121704,0.07402968406677299,20000.000000000102,300,296,300,300,0.0005216598510740001,0.001221179962158,cython,300,fft,0.004316806793213,0.08702445030212401,0.0008282661437989999,0.000995874404907,0.1,0,1,hitemp-radisdb,/home/pipebomb/.radisdb/CO-05_HITEMP2019.h5,0.13753507880165697,0.20180288881201602,0,1e-06,1,"1,2,3,4,5,6",1626963039.474,radis,19238,0,0,0,1,1,CO,CO_5000_5100_19238_fft,simple,hapi,1,0.009037256240844999,1000,"{'_check_line_databank': 0.0005216598510742188, 'reinitialize_1': 0.0016829967498779297, 'reinitialize_2': 1.0967254638671875e-05, 'reinitialize_3': 0.001434326171875, 'reinitialize_4': 3.504753112792969e-05, 'reinitialize': 0.003170013427734375, 'scaled_eq_linestrength': 0.006497859954833984, 'calc_lineshift': 0.0008282661437988281, 'calc_hwhm': 0.004316806793212891, '_generate_wavenumber_arrays': 0.0012211799621582031, 'precompute_DLM_lineshapes': 0.009037256240844727, 'DLM_Initialized_vectors': 7.3909759521484375e-06, 'DLM_closest_matching_line': 0.0012514591217041016, 'DLM_Distribute_lines': 0.001739501953125, 'DLM_convolve': 0.07402968406677246, 'calc_line_broadening': 0.08702445030212402, 'calc_other_spectral_quan': 0.0009958744049072266, 'spectrum_calc_before_obj': 0.10464978218078613}",0,0.9.29,0.0031700134277340003,0.0016829967498779997,1.09672546386719e-05,0.001434326171875,3.50475311279297e-05,boltzmann,0.006497859954834001,1,0.10464978218078601,X,1,19238,boltzmann,3,5,0.01,0.01,5100,5250,5000,4850,cm-1,0.02,5003,1498297922.6104717,3169116.0168115785
31,20210722_Tvib300K_Trot300K_31.spec,0.0021595954895020004,9.5367431640625e-06,0.001303195953369,0.019444227218628003,22222.2222222223,300,296,300,300,0.000338554382324,0.0008749961853029999,cython,300,fft,0.002990245819092,0.033381223678589,0.0008485317230219999,0.0014963150024409999,0.05,0,1,hitemp-radisdb,/home/pipebomb/.radisdb/CO-05_HITEMP2019.h5,0.13753507880165697,0.20180288881201602,0,1e-06,1,"1,2,3,4,5,6",1626963039.6660001,radis,19238,0,0,0,1,1,CO,CO_5000_5100_19238_fft,simple,hapi,1,0.009900093078613,1000,"{'_check_line_databank': 0.00033855438232421875, 'reinitialize_1': 0.0013413429260253906, 'reinitialize_2': 1.1444091796875e-05, 'reinitialize_3': 0.001495361328125, 'reinitialize_4': 4.076957702636719e-05, 'reinitialize': 0.002896547317504883, 'scaled_eq_linestrength': 0.0062067508697509766, 'calc_lineshift': 0.0008485317230224609, 'calc_hwhm': 0.002990245819091797, '_generate_wavenumber_arrays': 0.0008749961853027344, 'precompute_DLM_lineshapes': 0.009900093078613281, 'DLM_Initialized_vectors': 9.5367431640625e-06, 'DLM_closest_matching_line': 0.0013031959533691406, 'DLM_Distribute_lines': 0.002159595489501953, 'DLM_convolve': 0.01944422721862793, 'calc_line_broadening': 0.03338122367858887, 'calc_other_spectral_quan': 0.0014963150024414062, 'spectrum_calc_before_obj': 0.04910016059875488}",0,0.9.29,0.0028965473175050003,0.001341342926025,1.1444091796875e-05,0.001495361328125,4.076957702636721e-05,boltzmann,0.006206750869751,1,0.049100160598754994,X,1,19238,boltzmann,3,5,0.01,0.01,5100,5250,5000,4850,cm-1,0.018000000000000002,5003,1676013924.5706892,3558701.535357864
32,20210722_Tvib300K_Trot300K_32.spec,0.0024702548980710002,7.390975952148441e-06,0.0012502670288090001,0.015855073928833,25000.0000000001,300,296,300,300,0.00037407875061,0.0007791519165039999,cython,300,fft,0.002973079681396,0.02972674369812,0.0007383823394780001,0.000989675521851,0.04,0,1,hitemp-radisdb,/home/pipebomb/.radisdb/CO-05_HITEMP2019.h5,0.13753507880165697,0.20180288881201602,0,1e-06,1,"1,2,3,4,5,6",1626963039.8579998,radis,19238,0,0,0,1,1,CO,CO_5000_5100_19238_fft,simple,hapi,1,0.009638071060180999,1000,"{'_check_line_databank': 0.00037407875061035156, 'reinitialize_1': 0.0010876655578613281, 'reinitialize_2': 1.1682510375976562e-05, 'reinitialize_3': 0.0015032291412353516, 'reinitialize_4': 3.3855438232421875e-05, 'reinitialize': 0.002642393112182617, 'scaled_eq_linestrength': 0.00622105598449707, 'calc_lineshift': 0.0007383823394775391, 'calc_hwhm': 0.0029730796813964844, '_generate_wavenumber_arrays': 0.0007791519165039062, 'precompute_DLM_lineshapes': 0.009638071060180664, 'DLM_Initialized_vectors': 7.3909759521484375e-06, 'DLM_closest_matching_line': 0.0012502670288085938, 'DLM_Distribute_lines': 0.002470254898071289, 'DLM_convolve': 0.015855073928833008, 'calc_line_broadening': 0.029726743698120117, 'calc_other_spectral_quan': 0.000989675521850586, 'spectrum_calc_before_obj': 0.0445103645324707}",0,0.9.29,0.002642393112183,0.001087665557861,1.16825103759766e-05,0.001503229141235,3.38554382324219e-05,boltzmann,0.006221055984496999,1,0.044510364532470995,X,1,19238,boltzmann,3,5,0.01,0.01,5100,5250,5000,4850,cm-1,0.016,5003,1899649629.4207926,4050652.4415401523
33,20210722_Tvib300K_Trot300K_33.spec,0.0027861595153809995,8.10623168945313e-06,0.0012896060943599998,0.025375843048096,28571.4285714287,300,296,300,300,0.00034070014953600005,0.0010290145874019998,cython,300,fft,0.0028572082519529997,0.039774179458618,0.000770568847656,0.0009858608245850002,0.06,0,1,hitemp-radisdb,/home/pipebomb/.radisdb/CO-05_HITEMP2019.h5,0.13753507880165697,0.20180288881201602,0,1e-06,1,"1,2,3,4,5,6",1626963040.074,radis,19238,0,0,0,1,1,CO,CO_5000_5100_19238_fft,simple,hapi,1,0.009741544723510999,1000,"{'_check_line_databank': 0.0003407001495361328, 'reinitialize_1': 0.0011527538299560547, 'reinitialize_2': 1.9073486328125e-05, 'reinitialize_3': 0.0024733543395996094, 'reinitialize_4': 4.982948303222656e-05, 'reinitialize': 0.0037026405334472656, 'scaled_eq_linestrength': 0.007338285446166992, 'calc_lineshift': 0.00077056884765625, 'calc_hwhm': 0.002857208251953125, '_generate_wavenumber_arrays': 0.0010290145874023438, 'precompute_DLM_lineshapes': 0.009741544723510742, 'DLM_Initialized_vectors': 8.106231689453125e-06, 'DLM_closest_matching_line': 0.0012896060943603516, 'DLM_Distribute_lines': 0.0027861595153808594, 'DLM_convolve': 0.025375843048095703, 'calc_line_broadening': 0.039774179458618164, 'calc_other_spectral_quan': 0.000985860824584961, 'spectrum_calc_before_obj': 0.05686688423156738}",0,0.9.29,0.003702640533447,0.001152753829956,1.9073486328125e-05,0.0024733543396,4.9829483032226596e-05,boltzmann,0.007338285446167,1,0.056866884231567,X,1,19238,boltzmann,3,5,0.01,0.01,5100,5250,5000,4850,cm-1,0.013999999999999999,5003,2189341024.6122704,4690359.998388531
34,20210722_Tvib300K_Trot300K_34.spec,0.002678632736206,7.152557373046879e-06,0.001181125640869,0.026171922683716,33333.3333333335,300,296,300,300,0.000317096710205,0.0010759830474849998,cython,300,fft,0.0032017230987550003,0.041962146759032995,0.000965356826782,0.001091241836548,0.06,0,1,hitemp-radisdb,/home/pipebomb/.radisdb/CO-05_HITEMP2019.h5,0.13753507880165697,0.20180288881201602,0,1e-06,1,"1,2,3,4,5,6",1626963040.2979999,radis,19238,0,0,0,1,1,CO,CO_5000_5100_19238_fft,simple,hapi,1,0.011389017105103,1000,"{'_check_line_databank': 0.0003170967102050781, 'reinitialize_1': 0.0008080005645751953, 'reinitialize_2': 1.1444091796875e-05, 'reinitialize_3': 0.0014195442199707031, 'reinitialize_4': 3.337860107421875e-05, 'reinitialize': 0.0022780895233154297, 'scaled_eq_linestrength': 0.007092952728271484, 'calc_lineshift': 0.0009653568267822266, 'calc_hwhm': 0.003201723098754883, '_generate_wavenumber_arrays': 0.0010759830474853516, 'precompute_DLM_lineshapes': 0.011389017105102539, 'DLM_Initialized_vectors': 7.152557373046875e-06, 'DLM_closest_matching_line': 0.0011811256408691406, 'DLM_Distribute_lines': 0.0026786327362060547, 'DLM_convolve': 0.02617192268371582, 'calc_line_broadening': 0.0419621467590332, 'calc_other_spectral_quan': 0.0010912418365478516, 'spectrum_calc_before_obj': 0.05805015563964844}",0,0.9.29,0.002278089523315,0.000808000564575,1.1444091796875e-05,0.001419544219971,3.33786010742187e-05,boltzmann,0.007092952728271,1,0.058050155639649006,X,1,19238,boltzmann,3,5,0.01,0.01,5100,5250,5000,4850,cm-1,0.012,5003,2578895304.1533446,5554300.360694494
35,20210722_Tvib300K_Trot300K_35.spec,0.003622770309448,9.298324584960941e-06,0.001290559768677,0.048855543136597,40000.0000000003,300,296,300,300,0.00032305717468299997,0.001358509063721,cython,300,fft,0.0036554336547849997,0.066184043884277,0.0009024143218989999,0.0017404556274409999,0.08,0,1,hitemp-radisdb,/home/pipebomb/.radisdb/CO-05_HITEMP2019.h5,0.13753507880165697,0.20180288881201602,0,1e-06,1,"1,2,3,4,5,6",1626963040.554,radis,19238,0,0,0,1,1,CO,CO_5000_5100_19238_fft,simple,hapi,1,0.011610746383666999,1000,"{'_check_line_databank': 0.0003230571746826172, 'reinitialize_1': 0.0007929801940917969, 'reinitialize_2': 1.1205673217773438e-05, 'reinitialize_3': 0.0013270378112792969, 'reinitialize_4': 3.0517578125e-05, 'reinitialize': 0.0021660327911376953, 'scaled_eq_linestrength': 0.00651097297668457, 'calc_lineshift': 0.0009024143218994141, 'calc_hwhm': 0.0036554336547851562, '_generate_wavenumber_arrays': 0.0013585090637207031, 'precompute_DLM_lineshapes': 0.011610746383666992, 'DLM_Initialized_vectors': 9.298324584960938e-06, 'DLM_closest_matching_line': 0.0012905597686767578, 'DLM_Distribute_lines': 0.003622770309448242, 'DLM_convolve': 0.04885554313659668, 'calc_line_broadening': 0.06618404388427734, 'calc_other_spectral_quan': 0.0017404556274414062, 'spectrum_calc_before_obj': 0.08291912078857422}",0,0.9.29,0.002166032791138,0.0007929801940920001,1.12056732177734e-05,0.001327037811279,3.0517578125e-05,boltzmann,0.006510972976685,1,0.08291912078857401,X,1,19238,boltzmann,3,5,0.01,0.01,5100,5250,5000,4850,cm-1,0.01,5003,3129680103.8884616,6781846.229181543
36,20210722_Tvib300K_Trot300K_36.spec,0.004539012908936,8.344650268554691e-06,0.001621723175049,0.331200122833252,50000.000000000495,300,296,300,300,0.000343799591064,0.0012462139129640001,cython,300,fft,0.0032308101654050007,0.350614547729492,0.0007872581481930001,0.001221418380737,0.37,0,1,hitemp-radisdb,/home/pipebomb/.radisdb/CO-05_HITEMP2019.h5,0.13753507880165697,0.20180288881201602,0,1e-06,1,"1,2,3,4,5,6",1626963041.1179998,radis,19238,0,0,0,1,1,CO,CO_5000_5100_19238_fft,simple,hapi,1,0.012457370758057,1000,"{'_check_line_databank': 0.0003437995910644531, 'reinitialize_1': 0.0008766651153564453, 'reinitialize_2': 1.1920928955078125e-05, 'reinitialize_3': 0.0014727115631103516, 'reinitialize_4': 3.814697265625e-05, 'reinitialize': 0.0024046897888183594, 'scaled_eq_linestrength': 0.0062329769134521484, 'calc_lineshift': 0.0007872581481933594, 'calc_hwhm': 0.0032308101654052734, '_generate_wavenumber_arrays': 0.0012462139129638672, 'precompute_DLM_lineshapes': 0.01245737075805664, 'DLM_Initialized_vectors': 8.344650268554688e-06, 'DLM_closest_matching_line': 0.0016217231750488281, 'DLM_Distribute_lines': 0.004539012908935547, 'DLM_convolve': 0.33120012283325195, 'calc_line_broadening': 0.3506145477294922, 'calc_other_spectral_quan': 0.0012214183807373047, 'spectrum_calc_before_obj': 0.3661534786224365}",0,0.9.29,0.002404689788818,0.000876665115356,1.19209289550781e-05,0.00147271156311,3.814697265625e-05,boltzmann,0.006232976913451999,1,0.366153478622436,X,1,19238,boltzmann,3,5,0.01,0.01,5100,5250,5000,4850,cm-1,0.008,5003,3965654582.175998,8655822.627528321
37,20210722_Tvib300K_Trot300K_37.spec,0.004949808120728,7.390975952148441e-06,0.001380205154419,0.065982818603516,66666.6666666675,300,296,300,300,0.000376224517822,0.001884937286377,cython,300,fft,0.0031776428222659997,0.090717554092407,0.000825643539429,0.001646280288696,0.11,0,1,hitemp-radisdb,/home/pipebomb/.radisdb/CO-05_HITEMP2019.h5,0.13753507880165697,0.20180288881201602,0,1e-06,1,"1,2,3,4,5,6",1626963041.458,radis,19238,0,0,0,1,1,CO,CO_5000_5100_19238_fft,simple,hapi,1,0.017586469650269,1000,"{'_check_line_databank': 0.0003762245178222656, 'reinitialize_1': 0.0009517669677734375, 'reinitialize_2': 1.3589859008789062e-05, 'reinitialize_3': 0.0014274120330810547, 'reinitialize_4': 3.170967102050781e-05, 'reinitialize': 0.002434968948364258, 'scaled_eq_linestrength': 0.0060596466064453125, 'calc_lineshift': 0.0008256435394287109, 'calc_hwhm': 0.003177642822265625, '_generate_wavenumber_arrays': 0.0018849372863769531, 'precompute_DLM_lineshapes': 0.017586469650268555, 'DLM_Initialized_vectors': 7.3909759521484375e-06, 'DLM_closest_matching_line': 0.0013802051544189453, 'DLM_Distribute_lines': 0.004949808120727539, 'DLM_convolve': 0.06598281860351562, 'calc_line_broadening': 0.09071755409240723, 'calc_other_spectral_quan': 0.001646280288696289, 'spectrum_calc_before_obj': 0.10720634460449219}",0,0.9.29,0.0024349689483639998,0.000951766967773,1.35898590087891e-05,0.001427412033081,3.17096710205078e-05,boltzmann,0.006059646606444999,1,0.10720634460449198,X,1,19238,boltzmann,3,5,0.01,0.01,5100,5250,5000,4850,cm-1,0.006,5003,5379597706.0859165,11847957.713986363
38,20210722_Tvib300K_Trot300K_38.spec,0.008070468902588,8.58306884765625e-06,0.001502990722656,0.735183954238892,100000.000000002,300,296,300,300,0.000349760055542,0.002433061599731,cython,300,fft,0.003462791442871,0.772276878356934,0.001518487930298,0.001701593399048,0.79,0,1,hitemp-radisdb,/home/pipebomb/.radisdb/CO-05_HITEMP2019.h5,0.13753507880165697,0.20180288881201602,0,1e-06,1,"1,2,3,4,5,6",1626963042.526,radis,19238,0,0,0,1,1,CO,CO_5000_5100_19238_fft,simple,hapi,1,0.026334047317505,1000,"{'_check_line_databank': 0.0003497600555419922, 'reinitialize_1': 0.0011098384857177734, 'reinitialize_2': 1.6689300537109375e-05, 'reinitialize_3': 0.0019366741180419922, 'reinitialize_4': 3.2901763916015625e-05, 'reinitialize': 0.0031023025512695312, 'scaled_eq_linestrength': 0.0075550079345703125, 'calc_lineshift': 0.0015184879302978516, 'calc_hwhm': 0.0034627914428710938, '_generate_wavenumber_arrays': 0.0024330615997314453, 'precompute_DLM_lineshapes': 0.026334047317504883, 'DLM_Initialized_vectors': 8.58306884765625e-06, 'DLM_closest_matching_line': 0.00150299072265625, 'DLM_Distribute_lines': 0.00807046890258789, 'DLM_convolve': 0.7351839542388916, 'calc_line_broadening': 0.7722768783569336, 'calc_other_spectral_quan': 0.0017015933990478516, 'spectrum_calc_before_obj': 0.7924869060516357}",0,0.9.29,0.0031023025512699996,0.0011098384857179998,1.66893005371094e-05,0.001936674118042,3.29017639160156e-05,boltzmann,0.007555007934569999,1,0.7924869060516361,X,1,19238,boltzmann,3,5,0.01,0.01,5100,5250,5000,4850,cm-1,0.004,5003,8264019811.020861,18420680.743952766
39,20210722_Tvib300K_Trot300K_39.spec,0.014188051223754999,7.867813110351559e-06,0.002183437347412,1.5706422328949,200000.000000008,300,296,300,300,0.00032329559326200005,0.004335403442382999,cython,300,fft,0.0030081272125240003,1.6451678276062,0.000840663909912,0.0028698444366459996,1.66,0,1,hitemp-radisdb,/home/pipebomb/.radisdb/CO-05_HITEMP2019.h5,0.13753507880165697,0.20180288881201602,0,1e-06,1,"1,2,3,4,5,6",1626963044.6020002,radis,19238,0,0,0,1,1,CO,CO_5000_5100_19238_fft,simple,hapi,1,0.05640792846679701,1000,"{'_check_line_databank': 0.00032329559326171875, 'reinitialize_1': 0.0008101463317871094, 'reinitialize_2': 1.0967254638671875e-05, 'reinitialize_3': 0.0013146400451660156, 'reinitialize_4': 3.075599670410156e-05, 'reinitialize': 0.0021712779998779297, 'scaled_eq_linestrength': 0.006117105484008789, 'calc_lineshift': 0.0008406639099121094, 'calc_hwhm': 0.003008127212524414, '_generate_wavenumber_arrays': 0.0043354034423828125, 'precompute_DLM_lineshapes': 0.056407928466796875, 'DLM_Initialized_vectors': 7.867813110351562e-06, 'DLM_closest_matching_line': 0.0021834373474121094, 'DLM_Distribute_lines': 0.014188051223754883, 'DLM_convolve': 1.5706422328948975, 'calc_line_broadening': 1.6451678276062012, 'calc_other_spectral_quan': 0.002869844436645508, 'spectrum_calc_before_obj': 1.6649057865142822}",0,0.9.29,0.002171277999878,0.000810146331787,1.09672546386719e-05,0.0013146400451660002,3.0755996704101596e-05,boltzmann,0.006117105484009,1,1.6649057865142802,X,1,19238,boltzmann,3,5,0.01,0.01,5100,5250,5000,4850,cm-1,0.002,5003,17193460915.379646,39059432.46569824
80,20210722_Tvib300K_Trot300K.spec,0.020334005355835,5.24520874023438e-06,0.0036854743957520004,3.19772171974182,230000.0,300,296,300,300,0.000493764877319,0.007377624511719001,cython,300,fft,0.007664442062378001,3.37913775444031,0.001364707946777,0.0078444480896,3.42,0,1,hitemp-radisdb,/home/pipebomb/.radisdb/CO-05_HITEMP2019.h5,0.13753507880165697,0.20180288881201602,0,1e-06,1,"1,2,3,4,5,6",1626951084.10498,radis,60000,0,0,0,1,1,CO,CO_2000_4000_60000_fft,simple,hapi,1,0.15501403808593803,1000,"{'_check_line_databank': 0.0004937648773193359, 'reinitialize_1': 0.004347801208496094, 'reinitialize_2': 1.33514404296875e-05, 'reinitialize_3': 0.002327442169189453, 'reinitialize_4': 4.00543212890625e-05, 'reinitialize': 0.006737709045410156, 'scaled_eq_linestrength': 0.014011621475219727, 'calc_lineshift': 0.0013647079467773438, 'calc_hwhm': 0.00766444206237793, '_generate_wavenumber_arrays': 0.00737762451171875, 'precompute_DLM_lineshapes': 0.1550140380859375, 'DLM_Initialized_vectors': 5.245208740234375e-06, 'DLM_closest_matching_line': 0.003685474395751953, 'DLM_Distribute_lines': 0.02033400535583496, 'DLM_convolve': 3.1977217197418213, 'calc_line_broadening': 3.3791377544403076, 'calc_other_spectral_quan': 0.00784444808959961, 'spectrum_calc_before_obj': 3.424712896347046}",0,0.9.29,0.00673770904541,0.004347801208495999,1.33514404296875e-05,0.0023274421691890004,4.00543212890625e-05,boltzmann,0.014011621475219999,1,3.42471289634705,X,1,115755,boltzmann,6,5,0.01,0.01,4000,4150,2000,1850,cm-1,0.01,230002,38608130896.81912,88025800.61176503
81,20210722_Tvib300K_Trot300K_1.spec,0.019682884216309,1.07288360595703e-05,0.004108190536499,0.945570945739746,430000.0,300,296,300,300,0.00034332275390599993,0.008151531219481999,cython,300,fft,0.003839015960693,1.23230719566345,0.000964641571045,0.015825033187866003,1.27,0,1,hitemp-radisdb,/home/pipebomb/.radisdb/CO-05_HITEMP2019.h5,0.13753507880165697,0.20180288881201602,0,1e-06,1,"1,2,3,4,5,6",1626951090.03731,radis,60000,0,0,0,1,1,CO,CO_2000_6000_60000_fft,simple,hapi,1,0.256118535995483,1000,"{'_check_line_databank': 0.00034332275390625, 'reinitialize_1': 0.0035109519958496094, 'reinitialize_2': 1.0967254638671875e-05, 'reinitialize_3': 0.0015954971313476562, 'reinitialize_4': 3.147125244140625e-05, 'reinitialize': 0.005154609680175781, 'scaled_eq_linestrength': 0.006666421890258789, 'calc_lineshift': 0.0009646415710449219, 'calc_hwhm': 0.0038390159606933594, '_generate_wavenumber_arrays': 0.008151531219482422, 'precompute_DLM_lineshapes': 0.2561185359954834, 'DLM_Initialized_vectors': 1.0728836059570312e-05, 'DLM_closest_matching_line': 0.0041081905364990234, 'DLM_Distribute_lines': 0.019682884216308594, 'DLM_convolve': 0.9455709457397461, 'calc_line_broadening': 1.2323071956634521, 'calc_other_spectral_quan': 0.01582503318786621, 'spectrum_calc_before_obj': 1.2733213901519775}",0,0.9.29,0.005154609680176,0.00351095199585,1.09672546386719e-05,0.0015954971313479997,3.14712524414062e-05,boltzmann,0.006666421890259,1,1.27332139015198,X,1,210572,boltzmann,6,5,0.01,0.01,6000,6150,2000,1850,cm-1,0.01,430001,74682616526.34146,172910634.7006377
82,20210722_Tvib300K_Trot300K_2.spec,0.019372940063477,1.23977661132813e-05,0.004710912704467999,10.7153923511505,630000.0,300,296,300,300,0.0003535747528080001,0.012882947921752999,cython,300,fft,0.0036132335662840006,11.1438324451447,0.000839948654175,0.024901151657105,11.2,0,1,hitemp-radisdb,/home/pipebomb/.radisdb/CO-05_HITEMP2019.h5,0.13753507880165697,0.20180288881201602,0,1e-06,1,"1,2,3,4,5,6",1626951108.14231,radis,60000,0,0,0,1,1,CO,CO_2000_8000_60000_fft,simple,hapi,1,0.397908926010132,1000,"{'_check_line_databank': 0.0003535747528076172, 'reinitialize_1': 0.004614591598510742, 'reinitialize_2': 1.049041748046875e-05, 'reinitialize_3': 0.0021431446075439453, 'reinitialize_4': 3.337860107421875e-05, 'reinitialize': 0.006808280944824219, 'scaled_eq_linestrength': 0.0070421695709228516, 'calc_lineshift': 0.0008399486541748047, 'calc_hwhm': 0.0036132335662841797, '_generate_wavenumber_arrays': 0.01288294792175293, 'precompute_DLM_lineshapes': 0.39790892601013184, 'DLM_Initialized_vectors': 1.239776611328125e-05, 'DLM_closest_matching_line': 0.0047109127044677734, 'DLM_Distribute_lines': 0.019372940063476562, 'DLM_convolve': 10.715392351150513, 'calc_line_broadening': 11.143832445144653, 'calc_other_spectral_quan': 0.024901151657104492, 'spectrum_calc_before_obj': 11.200339794158936}",0,0.9.29,0.006808280944824,0.004614591598511,1.04904174804688e-05,0.002143144607544,3.33786010742187e-05,boltzmann,0.007042169570923001,1,11.2003397941589,X,1,301576,boltzmann,6,5,0.01,0.01,8000,8150,2000,1850,cm-1,0.01,630001,111656472120.34714,260793368.67112148
83,20210722_Tvib300K_Trot300K_3.spec,0.019091129302979,1.12056732177734e-05,0.0045833587646479995,5.72950530052185,830000.0,300,296,300,300,0.000336170196533,0.015600442886353,cython,300,fft,0.004056930541992,6.276932001113889,0.001015186309814,0.034467458724975995,6.34,0,1,hitemp-radisdb,/home/pipebomb/.radisdb/CO-05_HITEMP2019.h5,0.13753507880165697,0.20180288881201602,0,1e-06,1,"1,2,3,4,5,6",1626951124.55918,radis,60000,0,0,0,1,1,CO,CO_2000_10000_60000_fft,simple,hapi,1,0.5157718658447271,1000,"{'_check_line_databank': 0.0003361701965332031, 'reinitialize_1': 0.0029876232147216797, 'reinitialize_2': 1.1205673217773438e-05, 'reinitialize_3': 0.0016167163848876953, 'reinitialize_4': 3.0040740966796875e-05, 'reinitialize': 0.004651308059692383, 'scaled_eq_linestrength': 0.007123708724975586, 'calc_lineshift': 0.0010151863098144531, 'calc_hwhm': 0.0040569305419921875, '_generate_wavenumber_arrays': 0.015600442886352539, 'precompute_DLM_lineshapes': 0.5157718658447266, 'DLM_Initialized_vectors': 1.1205673217773438e-05, 'DLM_closest_matching_line': 0.0045833587646484375, 'DLM_Distribute_lines': 0.019091129302978516, 'DLM_convolve': 5.729505300521851, 'calc_line_broadening': 6.276932001113892, 'calc_other_spectral_quan': 0.034467458724975586, 'spectrum_calc_before_obj': 6.34424901008606}",0,0.9.29,0.004651308059692,0.0029876232147220006,1.12056732177734e-05,0.0016167163848879998,3.00407409667969e-05,boltzmann,0.0071237087249760005,1,6.34424901008606,X,1,389355,boltzmann,6,5,0.01,0.01,10000,10150,2000,1850,cm-1,0.01,830001,149231144904.7373,350678826.60955364
84,20210722_Tvib300K_Trot300K_4.spec,0.019459009170531998,1.16825103759766e-05,0.005356073379517,9.99453973770142,1030000.0,300,296,300,300,0.00034332275390599993,0.018381357192993,cython,300,fft,0.0033845901489259994,10.7226524353027,0.0007979869842529999,0.042888402938842995,10.8,0,1,hitemp-radisdb,/home/pipebomb/.radisdb/CO-05_HITEMP2019.h5,0.13753507880165697,0.20180288881201602,0,1e-06,1,"1,2,3,4,5,6",1626951147.9124,radis,60000,0,0,0,1,1,CO,CO_2000_12000_60000_fft,simple,hapi,1,0.6940476894378659,1000,"{'_check_line_databank': 0.00034332275390625, 'reinitialize_1': 0.0034880638122558594, 'reinitialize_2': 1.0728836059570312e-05, 'reinitialize_3': 0.0016245841979980469, 'reinitialize_4': 3.0517578125e-05, 'reinitialize': 0.00516057014465332, 'scaled_eq_linestrength': 0.006749391555786133, 'calc_lineshift': 0.0007979869842529297, 'calc_hwhm': 0.0033845901489257812, '_generate_wavenumber_arrays': 0.018381357192993164, 'precompute_DLM_lineshapes': 0.6940476894378662, 'DLM_Initialized_vectors': 1.1682510375976562e-05, 'DLM_closest_matching_line': 0.0053560733795166016, 'DLM_Distribute_lines': 0.019459009170532227, 'DLM_convolve': 9.994539737701416, 'calc_line_broadening': 10.722652435302734, 'calc_other_spectral_quan': 0.04288840293884277, 'spectrum_calc_before_obj': 10.80046010017395}",0,0.9.29,0.005160570144652999,0.0034880638122559995,1.07288360595703e-05,0.001624584197998,3.0517578125e-05,boltzmann,0.006749391555785999,1,10.800460100174,X,1,471366,boltzmann,6,5,0.01,0.01,12000,12150,2000,1850,cm-1,0.01,1030001,187258451726.14328,442073064.67137176
85,20210722_Tvib300K_Trot300K_5.spec,0.01940655708313,1.07288360595703e-05,0.005070447921753,22.384511232376102,1230000.0,300,296,300,300,0.0015435218811039998,0.022347211837769,cython,300,fft,0.004332542419434,23.1859512329102,0.001004695892334,0.05211949348449701,23.29,0,1,hitemp-radisdb,/home/pipebomb/.radisdb/CO-05_HITEMP2019.h5,0.13753507880165697,0.20180288881201602,0,1e-06,1,"1,2,3,4,5,6",1626951187.04235,radis,60000,0,0,0,1,1,CO,CO_2000_14000_60000_fft,simple,hapi,1,0.7683472633361809,1000,"{'_check_line_databank': 0.0015435218811035156, 'reinitialize_1': 0.00757145881652832, 'reinitialize_2': 2.574920654296875e-05, 'reinitialize_3': 0.003537416458129883, 'reinitialize_4': 6.818771362304688e-05, 'reinitialize': 0.011217117309570312, 'scaled_eq_linestrength': 0.010446786880493164, 'calc_lineshift': 0.0010046958923339844, 'calc_hwhm': 0.004332542419433594, '_generate_wavenumber_arrays': 0.022347211837768555, 'precompute_DLM_lineshapes': 0.7683472633361816, 'DLM_Initialized_vectors': 1.0728836059570312e-05, 'DLM_closest_matching_line': 0.00507044792175293, 'DLM_Distribute_lines': 0.019406557083129883, 'DLM_convolve': 22.3845112323761, 'calc_line_broadening': 23.185951232910156, 'calc_other_spectral_quan': 0.05211949348449707, 'spectrum_calc_before_obj': 23.289066791534424}",0,0.9.29,0.01121711730957,0.007571458816528001,2.57492065429687e-05,0.0035374164581300003,6.81877136230469e-05,boltzmann,0.010446786880493,1,23.2890667915344,X,1,543823,boltzmann,6,5,0.01,0.01,14000,14150,2000,1850,cm-1,0.01,1230001,225649228083.7329,534678867.8538021
86,20210722_Tvib300K_Trot300K_6.spec,0.019043684005737,1.16825103759766e-05,0.00538969039917,25.389746427536,1430000.0,300,296,300,300,0.000339031219482,0.024102449417113998,cython,300,fft,0.003602743148804,26.328311681747397,0.0008347034454349999,0.062121868133545,26.43,0,1,hitemp-radisdb,/home/pipebomb/.radisdb/CO-05_HITEMP2019.h5,0.13753507880165697,0.20180288881201602,0,1e-06,1,"1,2,3,4,5,6",1626951235.04061,radis,60000,0,0,0,1,1,CO,CO_2000_16000_60000_fft,simple,hapi,1,0.9067683219909671,1000,"{'_check_line_databank': 0.0003390312194824219, 'reinitialize_1': 0.0032770633697509766, 'reinitialize_2': 1.0728836059570312e-05, 'reinitialize_3': 0.0016405582427978516, 'reinitialize_4': 3.075599670410156e-05, 'reinitialize': 0.0049648284912109375, 'scaled_eq_linestrength': 0.006845951080322266, 'calc_lineshift': 0.0008347034454345703, 'calc_hwhm': 0.003602743148803711, '_generate_wavenumber_arrays': 0.024102449417114258, 'precompute_DLM_lineshapes': 0.9067683219909668, 'DLM_Initialized_vectors': 1.1682510375976562e-05, 'DLM_closest_matching_line': 0.005389690399169922, 'DLM_Distribute_lines': 0.019043684005737305, 'DLM_convolve': 25.38974642753601, 'calc_line_broadening': 26.328311681747437, 'calc_other_spectral_quan': 0.06212186813354492, 'spectrum_calc_before_obj': 26.43118715286255}",0,0.9.29,0.004964828491210999,0.003277063369751,1.07288360595703e-05,0.001640558242798,3.0755996704101596e-05,boltzmann,0.006845951080321999,1,26.431187152862503,X,1,597654,boltzmann,6,5,0.01,0.01,16000,16150,2000,1850,cm-1,0.01,1430001,264343790475.19055,628297291.1491259
87,20210722_Tvib300K_Trot300K_7.spec,0.019202947616577,1.12056732177734e-05,0.005664348602295,28.331190347671498,1630000.0,300,296,300,300,0.000338315963745,0.030950069427490002,cython,300,fft,0.0036225318908690005,29.4020655155182,0.0007963180541989998,0.067336082458496,29.52,0,1,hitemp-radisdb,/home/pipebomb/.radisdb/CO-05_HITEMP2019.h5,0.13753507880165697,0.20180288881201602,0,1e-06,1,"1,2,3,4,5,6",1626951285.63886,radis,60000,0,0,0,1,1,CO,CO_2000_18000_60000_fft,simple,hapi,1,1.03877568244934,1000,"{'_check_line_databank': 0.0003383159637451172, 'reinitialize_1': 0.0030374526977539062, 'reinitialize_2': 1.0967254638671875e-05, 'reinitialize_3': 0.0016009807586669922, 'reinitialize_4': 3.0279159545898438e-05, 'reinitialize': 0.004684925079345703, 'scaled_eq_linestrength': 0.007274150848388672, 'calc_lineshift': 0.0007963180541992188, 'calc_hwhm': 0.0036225318908691406, '_generate_wavenumber_arrays': 0.030950069427490234, 'precompute_DLM_lineshapes': 1.0387756824493408, 'DLM_Initialized_vectors': 1.1205673217773438e-05, 'DLM_closest_matching_line': 0.005664348602294922, 'DLM_Distribute_lines': 0.01920294761657715, 'DLM_convolve': 28.33119034767151, 'calc_line_broadening': 29.40206551551819, 'calc_other_spectral_quan': 0.0673360824584961, 'spectrum_calc_before_obj': 29.517156839370728}",0,0.9.29,0.004684925079346,0.003037452697754,1.09672546386719e-05,0.001600980758667,3.02791595458984e-05,boltzmann,0.007274150848389,1,29.5171568393707,X,1,631550,boltzmann,6,5,0.01,0.01,18000,18150,2000,1850,cm-1,0.01,1630001,303299347526.13007,722785696.6427222
88,20210722_Tvib300K_Trot300K_8.spec,0.019782543182373002,1.19209289550781e-05,0.006204128265380999,10.6002261638641,1830000.0,300,296,300,300,0.00034213066101099996,0.031822919845581006,cython,300,fft,0.003802061080933,11.8349652290344,0.0008652210235599999,0.075074434280396,11.96,0,1,hitemp-radisdb,/home/pipebomb/.radisdb/CO-05_HITEMP2019.h5,0.13753507880165697,0.20180288881201602,0,1e-06,1,"1,2,3,4,5,6",1626951322.1403902,radis,60000,0,0,0,1,1,CO,CO_2000_20000_60000_fft,simple,hapi,1,1.19812655448914,1000,"{'_check_line_databank': 0.0003421306610107422, 'reinitialize_1': 0.003085613250732422, 'reinitialize_2': 1.0728836059570312e-05, 'reinitialize_3': 0.0016326904296875, 'reinitialize_4': 3.0279159545898438e-05, 'reinitialize': 0.004765033721923828, 'scaled_eq_linestrength': 0.006972551345825195, 'calc_lineshift': 0.0008652210235595703, 'calc_hwhm': 0.003802061080932617, '_generate_wavenumber_arrays': 0.031822919845581055, 'precompute_DLM_lineshapes': 1.1981265544891357, 'DLM_Initialized_vectors': 1.1920928955078125e-05, 'DLM_closest_matching_line': 0.006204128265380859, 'DLM_Distribute_lines': 0.019782543182373047, 'DLM_convolve': 10.600226163864136, 'calc_line_broadening': 11.834965229034424, 'calc_other_spectral_quan': 0.07507443428039551, 'spectrum_calc_before_obj': 11.95867657661438}",0,0.9.29,0.004765033721924,0.0030856132507320003,1.07288360595703e-05,0.001632690429688,3.02791595458984e-05,boltzmann,0.006972551345825,1,11.958676576614401,X,1,648238,boltzmann,6,5,0.01,0.01,20000,20150,2000,1850,cm-1,0.01,1830001,342483701562.0447,818036758.7529026
89,20210722_Tvib300K_Trot300K_9.spec,0.019359827041626,1.12056732177734e-05,0.006548881530761999,36.2128612995148,2030000.0,300,296,300,300,0.00034284591674799993,0.038580417633057,cython,300,fft,0.003682613372803,37.5811831951141,0.0009450912475589999,0.08515596389770501,37.72,0,1,hitemp-radisdb,/home/pipebomb/.radisdb/CO-05_HITEMP2019.h5,0.13753507880165697,0.20180288881201602,0,1e-06,1,"1,2,3,4,5,6",1626951386.29493,radis,60000,0,0,0,1,1,CO,CO_2000_22000_60000_fft,simple,hapi,1,1.33365058898926,1000,"{'_check_line_databank': 0.0003428459167480469, 'reinitialize_1': 0.0030977725982666016, 'reinitialize_2': 1.049041748046875e-05, 'reinitialize_3': 0.00159454345703125, 'reinitialize_4': 2.9802322387695312e-05, 'reinitialize': 0.0047380924224853516, 'scaled_eq_linestrength': 0.006675243377685547, 'calc_lineshift': 0.0009450912475585938, 'calc_hwhm': 0.0036826133728027344, '_generate_wavenumber_arrays': 0.03858041763305664, 'precompute_DLM_lineshapes': 1.3336505889892578, 'DLM_Initialized_vectors': 1.1205673217773438e-05, 'DLM_closest_matching_line': 0.006548881530761719, 'DLM_Distribute_lines': 0.019359827041625977, 'DLM_convolve': 36.21286129951477, 'calc_line_broadening': 37.581183195114136, 'calc_other_spectral_quan': 0.08515596389770508, 'spectrum_calc_before_obj': 37.7213659286499}",0,0.9.29,0.004738092422484999,0.003097772598267,1.04904174804688e-05,0.001594543457031,2.98023223876953e-05,boltzmann,0.006675243377686,1,37.721365928649895,X,1,652868,boltzmann,6,5,0.01,0.01,22000,22150,2000,1850,cm-1,0.01,2030001,381871740899.90265,913966771.8695608
90,20210722_Tvib300K_Trot300K_10.spec,0.019788265228271998,1.12056732177734e-05,0.006636142730713,42.3477122783661,2230000.0,300,296,300,300,0.00038814544677699995,0.038214921951293994,cython,300,fft,0.003334760665894,43.9313766956329,0.0008823871612549999,0.09147787094116198,44.08,0,1,hitemp-radisdb,/home/pipebomb/.radisdb/CO-05_HITEMP2019.h5,0.13753507880165697,0.20180288881201602,0,1e-06,1,"1,2,3,4,5,6",1626951459.8496199,radis,60000,0,0,0,1,1,CO,CO_2000_24000_60000_fft,simple,hapi,1,1.54837918281555,1000,"{'_check_line_databank': 0.00038814544677734375, 'reinitialize_1': 0.0034651756286621094, 'reinitialize_2': 1.1444091796875e-05, 'reinitialize_3': 0.0015897750854492188, 'reinitialize_4': 3.0279159545898438e-05, 'reinitialize': 0.005102634429931641, 'scaled_eq_linestrength': 0.007097959518432617, 'calc_lineshift': 0.0008823871612548828, 'calc_hwhm': 0.0033347606658935547, '_generate_wavenumber_arrays': 0.038214921951293945, 'precompute_DLM_lineshapes': 1.5483791828155518, 'DLM_Initialized_vectors': 1.1205673217773438e-05, 'DLM_closest_matching_line': 0.006636142730712891, 'DLM_Distribute_lines': 0.019788265228271484, 'DLM_convolve': 42.34771227836609, 'calc_line_broadening': 43.931376695632935, 'calc_other_spectral_quan': 0.09147787094116211, 'spectrum_calc_before_obj': 44.077940464019775}",0,0.9.29,0.005102634429932001,0.003465175628662,1.1444091796875e-05,0.001589775085449,3.02791595458984e-05,boltzmann,0.0070979595184330006,1,44.0779404640198,X,1,652868,boltzmann,6,5,0.01,0.01,24000,24150,2000,1850,cm-1,0.01,2230001,421443329084.62036,1010508614.4757515
91,20210722_Tvib300K_Trot300K_11.spec,0.019191980361938997,1.09672546386719e-05,0.007016897201538,44.155066251754796,2430000.0,300,296,300,300,0.0003399848937990001,0.04171562194824201,cython,300,fft,0.003538608551025,45.8095514774323,0.0008118152618410001,0.101618051528931,45.97,0,1,hitemp-radisdb,/home/pipebomb/.radisdb/CO-05_HITEMP2019.h5,0.13753507880165697,0.20180288881201602,0,1e-06,1,"1,2,3,4,5,6",1626951537.62825,radis,60000,0,0,0,1,1,CO,CO_2000_26000_60000_fft,simple,hapi,1,1.61895322799683,1000,"{'_check_line_databank': 0.0003399848937988281, 'reinitialize_1': 0.003067493438720703, 'reinitialize_2': 1.0728836059570312e-05, 'reinitialize_3': 0.0016057491302490234, 'reinitialize_4': 3.0994415283203125e-05, 'reinitialize': 0.004720926284790039, 'scaled_eq_linestrength': 0.007241249084472656, 'calc_lineshift': 0.0008118152618408203, 'calc_hwhm': 0.0035386085510253906, '_generate_wavenumber_arrays': 0.04171562194824219, 'precompute_DLM_lineshapes': 1.6189532279968262, 'DLM_Initialized_vectors': 1.0967254638671875e-05, 'DLM_closest_matching_line': 0.007016897201538086, 'DLM_Distribute_lines': 0.019191980361938477, 'DLM_convolve': 44.15506625175476, 'calc_line_broadening': 45.80955147743225, 'calc_other_spectral_quan': 0.10161805152893066, 'spectrum_calc_before_obj': 45.96960377693176}",0,0.9.29,0.00472092628479,0.003067493438721,1.07288360595703e-05,0.0016057491302489998,3.09944152832031e-05,boltzmann,0.007241249084473001,1,45.9696037769318,X,1,652868,boltzmann,6,5,0.01,0.01,26000,26150,2000,1850,cm-1,0.01,2430001,461181957769.09827,1107607258.7478094
92,20210722_Tvib300K_Trot300K_12.spec,0.019476175308228,1.1444091796875e-05,0.007253646850585999,47.13688230514529,2630000.0,300,296,300,300,0.00038957595825199996,0.045485973358154005,cython,300,fft,0.003592491149902,48.9567952156067,0.000782012939453,0.10833835601806599,49.13,0,1,hitemp-radisdb,/home/pipebomb/.radisdb/CO-05_HITEMP2019.h5,0.13753507880165697,0.20180288881201602,0,1e-06,1,"1,2,3,4,5,6",1626951621.19486,radis,60000,0,0,0,1,1,CO,CO_2000_28000_60000_fft,simple,hapi,1,1.78211975097656,1000,"{'_check_line_databank': 0.0003895759582519531, 'reinitialize_1': 0.003164052963256836, 'reinitialize_2': 1.1205673217773438e-05, 'reinitialize_3': 0.0017538070678710938, 'reinitialize_4': 3.0994415283203125e-05, 'reinitialize': 0.004966020584106445, 'scaled_eq_linestrength': 0.007544994354248047, 'calc_lineshift': 0.000782012939453125, 'calc_hwhm': 0.0035924911499023438, '_generate_wavenumber_arrays': 0.0454859733581543, 'precompute_DLM_lineshapes': 1.7821197509765625, 'DLM_Initialized_vectors': 1.1444091796875e-05, 'DLM_closest_matching_line': 0.0072536468505859375, 'DLM_Distribute_lines': 0.01947617530822754, 'DLM_convolve': 47.136882305145264, 'calc_line_broadening': 48.95679521560669, 'calc_other_spectral_quan': 0.1083383560180664, 'spectrum_calc_before_obj': 49.12795972824097}",0,0.9.29,0.004966020584106,0.003164052963257,1.12056732177734e-05,0.001753807067871,3.09944152832031e-05,boltzmann,0.007544994354248,1,49.127959728240995,X,1,652868,boltzmann,6,5,0.01,0.01,28000,28150,2000,1850,cm-1,0.01,2630001,501073846178.81744,1205216768.7706714
93,20210722_Tvib300K_Trot300K_13.spec,0.019268512725830002,1.16825103759766e-05,0.007488489151001,53.138421535491894,2830000.0,300,296,300,300,0.00035023689269999994,0.048720836639404005,cython,300,fft,0.0037455558776859996,55.0787494182587,0.00104284286499,0.120379447937012,55.27,0,1,hitemp-radisdb,/home/pipebomb/.radisdb/CO-05_HITEMP2019.h5,0.13753507880165697,0.20180288881201602,0,1e-06,1,"1,2,3,4,5,6",1626951713.9135401,radis,60000,0,0,0,1,1,CO,CO_2000_30000_60000_fft,simple,hapi,1,1.90200018882751,1000,"{'_check_line_databank': 0.0003502368927001953, 'reinitialize_1': 0.0034852027893066406, 'reinitialize_2': 1.1205673217773438e-05, 'reinitialize_3': 0.0017054080963134766, 'reinitialize_4': 3.218650817871094e-05, 'reinitialize': 0.005240678787231445, 'scaled_eq_linestrength': 0.007115840911865234, 'calc_lineshift': 0.0010428428649902344, 'calc_hwhm': 0.003745555877685547, '_generate_wavenumber_arrays': 0.0487208366394043, 'precompute_DLM_lineshapes': 1.9020001888275146, 'DLM_Initialized_vectors': 1.1682510375976562e-05, 'DLM_closest_matching_line': 0.0074884891510009766, 'DLM_Distribute_lines': 0.019268512725830078, 'DLM_convolve': 53.13842153549194, 'calc_line_broadening': 55.07874941825867, 'calc_other_spectral_quan': 0.12037944793701172, 'spectrum_calc_before_obj': 55.26541185379028}",0,0.9.29,0.005240678787231,0.003485202789307,1.12056732177734e-05,0.001705408096313,3.2186508178710904e-05,boltzmann,0.007115840911864999,1,55.26541185379029,X,1,652868,boltzmann,6,5,0.01,0.01,30000,30150,2000,1850,cm-1,0.01,2830001,541107316099.59,1303298217.1637118
94,20210722_Tvib300K_Trot300K_14.spec,0.021595001220703,1.19209289550781e-05,0.008336782455444001,57.201613187789896,3030000.0,300,296,300,300,0.000351190567017,0.053822517395019996,cython,300,fft,0.003983974456787,59.337785959243796,0.000887155532837,0.128703117370606,59.54,0,1,hitemp-radisdb,/home/pipebomb/.radisdb/CO-05_HITEMP2019.h5,0.13753507880165697,0.20180288881201602,0,1e-06,1,"1,2,3,4,5,6",1626951813.94421,radis,60000,0,0,0,1,1,CO,CO_2000_32000_60000_fft,simple,hapi,1,2.09497475624084,1000,"{'_check_line_databank': 0.00035119056701660156, 'reinitialize_1': 0.0030355453491210938, 'reinitialize_2': 1.0728836059570312e-05, 'reinitialize_3': 0.0016293525695800781, 'reinitialize_4': 2.9802322387695312e-05, 'reinitialize': 0.004711627960205078, 'scaled_eq_linestrength': 0.007330179214477539, 'calc_lineshift': 0.0008871555328369141, 'calc_hwhm': 0.003983974456787109, '_generate_wavenumber_arrays': 0.05382251739501953, 'precompute_DLM_lineshapes': 2.0949747562408447, 'DLM_Initialized_vectors': 1.1920928955078125e-05, 'DLM_closest_matching_line': 0.008336782455444336, 'DLM_Distribute_lines': 0.021595001220703125, 'DLM_convolve': 57.20161318778992, 'calc_line_broadening': 59.337785959243774, 'calc_other_spectral_quan': 0.12870311737060547, 'spectrum_calc_before_obj': 59.537641286849976}",0,0.9.29,0.004711627960205,0.003035545349121,1.07288360595703e-05,0.0016293525695799998,2.98023223876953e-05,boltzmann,0.0073301792144780005,1,59.537641286850004,X,1,652868,boltzmann,6,5,0.01,0.01,32000,32150,2000,1850,cm-1,0.01,3030001,581272344421.7025,1401818193.5612178
95,20210722_Tvib300K_Trot300K_15.spec,0.02038311958313,1.3828277587890601e-05,0.008540391921997,88.67349076271059,3230000.0,300,296,300,300,0.00036144256591800003,0.057995557785034,cython,300,fft,0.003271579742432,90.9779977798462,0.000795841217041,0.17032718658447302,91.22,0,1,hitemp-radisdb,/home/pipebomb/.radisdb/CO-05_HITEMP2019.h5,0.13753507880165697,0.20180288881201602,0,1e-06,1,"1,2,3,4,5,6",1626951949.53953,radis,60000,0,0,0,1,1,CO,CO_2000_34000_60000_fft,simple,hapi,1,2.26246309280395,1000,"{'_check_line_databank': 0.00036144256591796875, 'reinitialize_1': 0.003163576126098633, 'reinitialize_2': 1.0967254638671875e-05, 'reinitialize_3': 0.0015969276428222656, 'reinitialize_4': 3.0040740966796875e-05, 'reinitialize': 0.004807233810424805, 'scaled_eq_linestrength': 0.006904125213623047, 'calc_lineshift': 0.0007958412170410156, 'calc_hwhm': 0.0032715797424316406, '_generate_wavenumber_arrays': 0.05799555778503418, 'precompute_DLM_lineshapes': 2.262463092803955, 'DLM_Initialized_vectors': 1.3828277587890625e-05, 'DLM_closest_matching_line': 0.00854039192199707, 'DLM_Distribute_lines': 0.020383119583129883, 'DLM_convolve': 88.67349076271057, 'calc_line_broadening': 90.97799777984619, 'calc_other_spectral_quan': 0.17032718658447266, 'spectrum_calc_before_obj': 91.22253322601318}",0,0.9.29,0.004807233810425,0.0031635761260990006,1.09672546386719e-05,0.001596927642822,3.00407409667969e-05,boltzmann,0.006904125213623,1,91.2225332260132,X,1,652868,boltzmann,6,5,0.01,0.01,34000,34150,2000,1850,cm-1,0.01,3230001,621560234327.2756,1500747708.5702598
